id_article;nom_article;reference;code_avad;fournisseur
1;ACCU-CHEK INSIGHT LINK ASSIST;05511097001;2381;ROCHE DIABETE FRANCE
2;ACCU-CHEK LINKASSIST;04530039001;889;ROCHE DIABETE FRANCE
3;ADAPTABLES;;1914;INVACARE POIRIER
4;ADAPTATEUR ACCU-CHEK SPIRIT;04540298001;890;ROCHE DIABETE FRANCE
5;ADAPTATEUR ACCU-CHEK SPIRIT;04540298001;890;ROCHE DIABETE FRANCE
6;ADAPTATEUR AIRVO;RT013;1645;FISHER PAYKEL
7;ADAPTATEUR ALARME DEPORTEE POUR TRILOGY;1080250;1;RESPIRONICS
8;ADAPTATEUR DC POUR KANGAROO JOEY;383491;636;COVIDIEN MEDTRONIC
9;ADAPTATEUR EMBOUT CORLOCK CH 16;1156116;637;ANSELL MEDICAL
10;ADAPTATEUR EMBOUT CORLOCK CH 16;1156116;637;ANSELL MEDICAL
11;ADAPTATEUR EN T CONNEXION SOMNOTOUCH/PPC;SEN924;2368;SEFAM
12;ADAPTATEUR EN T POUR PSG SOMNOCHECK EFFORT;WM95083;2274;LOWENSTEIN MEDICAL
13;ADAPTATEUR NUTRISAFE 2 POUR TUBULURE;36802;638;VYGON
14;ADAPTATEUR NUTRISAFE 2 POUR TUBULURE;36802;638;VYGON
15;ADAPTATEUR OPTIFLOW POUR TRACHEO;OPT870;1575;FISHER PAYKEL
16;ADAPTATEUR OXYMONTRE / CAPTEUR;VD327800;1037;AIR LIQUIDE
17;ADAPTATEUR PEDIATRIQUE POUR AEROGEN;NKD-AG-AS3025;2408;NIHON KOHDEN
18;ADAPTATEUR POUR D-TRON PLUS;04572432001;891;ROCHE DIABETE FRANCE
19;ADAPTATEUR POUR D-TRON PLUS;04572432001;891;ROCHE DIABETE FRANCE
20;ADAPTATEUR POUR MASQUE AIRVO;RT013;1576;FISHER PAYKEL
21;ADAPTATEUR USB - RS232;1022895;2;RESPIRONICS
22;ADHESIF POUR CAPTEUR ADULTE - 8000J;VD310000;1038;AIR LIQUIDE
23;ADHESIF POUR CAPTEUR ADULTE - 8000J;VD310000;1038;AIR LIQUIDE
24;ADHESIF POUR CAPTEUR PEDIATRIQUE - 8008J;VD326900;1039;AIR LIQUIDE
25;ADHESIF POUR CAPTEUR PEDIATRIQUE - 8008J;VD326900;1039;AIR LIQUIDE
26;AGRAFE DE RENFORCEMENT POUR ACCUVAC;WM10641;485;LOWENSTEIN MEDICAL
27;AIGUILLE EPICRANIENNE VENOFIX 0.7MM  22G 20MM;4056345;785;BRAUN
28;AIGUILLE GRIPPER 20G. 19 MM + Y;21-2947-24;789;SMITHS MEDICAL
29;AIGUILLE GRIPPER PLUS 20G. 25 MM + Y;21-2966-24;1646;SMITHS MEDICAL
30;AIGUILLE GRIPPER PLUS 20G. 16 MM;21-2769-24;790;SMITHS MEDICAL
31;AIGUILLE GRIPPER PLUS 20G. 19 MM;21-2767-24;791;SMITHS MEDICAL
32;AIGUILLE GRIPPER PLUS 20G. 19 MM + Y;21-2965-24;792;SMITHS MEDICAL
33;AIGUILLE GRIPPER PLUS 20G. 25 MM;21-2762-24;793;SMITHS MEDICAL
34;AIGUILLE GRIPPER PLUS 20G. 25 MM + Y;21-2966-24;794;SMITHS MEDICAL
35;AIGUILLE GRIPPER PLUS 22G. 19 MM + Y;21-2861-24;795;SMITHS MEDICAL
36;AIGUILLE HYPODERMIQUE STERICAN 1.2 X 40 BC;4665120;796;BRAUN
37;AIGUILLE SURECAN COUDEE 20G 20 MM;4439937;797;BRAUN
38;ANIOS PLONGE CONCENTRE - BIDON DE 5 KG;1804616;1188;DMD ANIOS LABORATOIRES
39;ANIOS PLONGE CONCENTRE - BIDON DE 5 KG;1804616;1188;DMD ANIOS LABORATOIRES
40;ASPIRATEUR DE MUCOSITE PEDIATRIQUE 25 ML;201115;2451;ASEPT INMED
41;ATTACHE SOUTIEN GORGE BLANCHE POUR ANIMAS;100-058-00;892;ANIMAS
42;ATTACHE SOUTIEN GORGE NOIR POUR ANIMAS;100-058-00;2335;ANIMAS
43;ATTACHE TUYAUX SACHET DE 3;900MR042;6;FISHER PAYKEL
44;AUTOFLUSH - VALVE BIDIRECTIONNELLE;589701;798;VYGON
45;BAC PLASTIQUE 10L 335*210*175;604666;2211;CENPAC
46;BAC PLASTIQUE 1L ROUGE 160*100*82;604668;2213;CENPAC
47;BAC PLASTIQUE 28L 475*310*190 BLEU;604667;2212;CENPAC
48;BAC PLASTIQUE 28L 475*310*190 ROUGE;604671;2285;CENPAC
49;BAC PLASTIQUE 4L 230*153*125;604665;2210;CENPAC
50;BALLON TEST DE 1 LITRE;6006832;1042;MAQUET SA
51;BANDE ADHESIVE HYPAFIX 10 CM X 10 M;71443-02;1043;PARAMAT
52;BANDE ADHESIVE HYPAFIX 5 CM X 10 M;71443-01;1044;PARAMAT
53;BANDE TEST NOCOTEST PAR 100;5000.010;2385;L3 MEDICAL
54;BANDELETTE ADHESIVE 120 X 70 MM - SACHET DE 42;MED504;1045;CIDELEC
55;BATTERIE 16 CELLULES POUR INOGEN G3;S3231040;1875;SCALEO
56;BATTERIE 8 CELLULES POUR INOGEN G3;S3231039;1802;SCALEO
57;BATTERIE CLICK-ON POUR VIVO 50;004559;10;BREAS
58;BATTERIE EXTERNE EB2 POUR VIVO;004127;13;BREAS
59;BATTERIE EXTERNE POUR ASTRAL;27918;1861;RESMED
60;BATTERIE EXTERNE POUR ELISEE 150;S/E015283;11;RESMED
61;BATTERIE EXTERNE POUR ELOLE 3 XLS;PAC009226;12;RESMED
62;BATTERIE INTERNE PB 560;10087047;2124;COVIDIEN MEDTRONIC
63;BATTERIE LI-ION 10 H POUR POWER PACK;10028764;17;COVIDIEN MEDTRONIC
64;BATTERIE MONNAL 220WH 10 HEURES;PACK-KC039400;2175;AIR LIQUIDE
65;BATTERIE MONNAL 440WH 20 HEURES;KC039500;2174;AIR LIQUIDE
66;BATTERIE POUR KANGAROO JOEY;F010506;639;COVIDIEN MEDTRONIC
67;BIONECTEUR 2 - 896.03;896.03;640;VYGON
68;BLOC D ESPIRATION POUR PB 560;10046803;2123;COVIDIEN MEDTRONIC
69;BLOC EXPIRATION POUR LEGENDAIR;3823099;23;COVIDIEN MEDTRONIC
70;BLOC TAMIS POUR EFLOW;178B2603;442;PULMOMED
71;BOCAL D'UN LITRE POUR V7 PLUS B;4383002;492;L3 MEDICAL
72;BOCAL DE RECUEIL REUTILISABLE ACCUVAC;WM10631;491;LOWENSTEIN MEDICAL
73;BOISSON LACTEE DELICAL NATURE 200ML;107526801;2427;LACTALIS NUTRITION SANTE
74;BOITE DE 16 GALETTES PROTIBIS CHOCOLAT;3401060106782;2448;SOLIDAGES
75;BOITE DE LINGETTES ANIOS GRAND MODELE  PAR 12;299.421;2219;DMD ANIOS LABORATOIRES
76;BOITE DE LINGETTES ANIOS PETIT MODELE  PAR 12;299.411;2217;DMD ANIOS LABORATOIRES
77;BONNET B2 POUR MASQUE PEDIATRIQUE PROFILE LITE;302285;24;RESPIRONICS
78;BOUCHON A FILTRE DU COUVERCLE ACCUVAC;WM10632;493;LOWENSTEIN MEDICAL
79;BOUCHON POUR RESERVOIR ANIMAS 200 U;100-159-01;893;ANIMAS
80;BOUTEILLE 1L POUR LS2000;3417;2087;SYSTAM
81;BOUTON DE GASTROSTOMIE ABS CH14 - 3.5 CM;5-1435;1500;ABS BOLTON
82;BOUTON DE GASTROSTOMIE MIC-KEY CH12 - 1.5 CM;200860;641;ASEPT INMED
83;BOUTON DE GASTROSTOMIE MIC-KEY CH12 - 1.7 CM;200861;2059;ASEPT INMED
84;BOUTON DE GASTROSTOMIE MIC-KEY CH12 - 2 CM;200862;642;ASEPT INMED
85;BOUTON DE GASTROSTOMIE MIC-KEY CH12 - 2.7 CM;200865;643;ASEPT INMED
86;BOUTON DE GASTROSTOMIE MIC-KEY CH12 - 2.3 CM;200863;1697;ASEPT INMED
87;BOUTON DE GASTROSTOMIE MIC-KEY CH14 - 1.5 CM;200291;644;ASEPT INMED
88;BOUTON DE GASTROSTOMIE MIC-KEY CH14 - 1.7 CM;200292;2283;ASEPT INMED
89;BOUTON DE GASTROSTOMIE MIC-KEY CH14 - 2 CM;200293;647;ASEPT INMED
90;BOUTON DE GASTROSTOMIE MIC-KEY CH14 - 2.3 CM;200294;645;ASEPT INMED
91;BOUTON DE GASTROSTOMIE MIC-KEY CH14 - 2.7 CM;200296;646;ASEPT INMED
92;BOUTON DE GASTROSTOMIE MIC-KEY CH14 - 3 CM;200297;648;ASEPT INMED
93;BOUTON DE GASTROSTOMIE MIC-KEY CH16 - 2 CM;200310;649;ASEPT INMED
94;BOUTON DE GASTROSTOMIE MIC-KEY CH16 - 2.5 CM;200312;650;ASEPT INMED
95;BOUTON DE GASTROSTOMIE MIC-KEY CH16 - 2.7 CM;200313;651;ASEPT INMED
96;BOUTON DE GASTROSTOMIE MIC-KEY CH16 - 3 CM;200314;652;ASEPT INMED
97;BOUTON DE GASTROSTOMIE MIC-KEY CH16 - 3.5 CM;200315;653;ASEPT INMED
98;BOUTON DE GASTROSTOMIE MIC-KEY CH16 - 4 CM;200316;654;ASEPT INMED
99;BOUTON DE GASTROSTOMIE MIC-KEY CH18 - 2 CM;200323;1872;ASEPT INMED
100;BOUTON DE GASTROSTOMIE MIC-KEY CH18 - 2 CM;200323;2450;ASEPT INMED
101;BOUTON DE GASTROSTOMIE MIC-KEY CH18 - 3 CM;200327;655;ASEPT INMED
102;BOUTON DE GASTROSTOMIE MIC-KEY CH18 - 3.5 CM;200328;656;ASEPT INMED
103;BOUTON DE GASTROSTOMIE MIC-KEY CH20 - 3 CM;200340;657;ASEPT INMED
104;BOUTON DE GASTROSTOMIE NUTRIPORT 20 - 3.5 CM;720350;658;COVIDIEN MEDTRONIC
105;BOUTON DE GASTROTOMIE ANSELL CH 14 - 3.5 CM;M1-5-1435;1501;ANSELL MEDICAL
106;BRAS CHARIOT POLYVALENT ELISEE 150;24917;26;RESMED
107;BRAS SUPPORT ET BARRE DE FIXATION BREAS;00558;27;BREAS
108;BRAS SUPPORT TUYAUX ADULTE POUR EOLE 3;BRA000778;28;RESMED
109;BULLE POUR MASQUE ESON TAILLE L;400HC128;1577;FISHER PAYKEL
110;BULLE POUR MASQUE ESON TAILLE M;400HC127;1578;FISHER PAYKEL
111;BULLE POUR MASQUE ESON TAILLE S;400HC126;1579;FISHER PAYKEL
112;BULLE POUR MASQUE FACIAL QUATTRO FX TAILLE L;61723;30;RESMED
113;BULLE POUR MASQUE FACIAL QUATTRO TAILLE M;61292;29;RESMED
114;BULLE POUR MASQUE FACIAL SIMPLUS TAILLE L;400HC581;1760;FISHER PAYKEL
115;BULLE POUR MASQUE FACIAL SIMPLUS TAILLE M;400HC580;1761;FISHER PAYKEL
116;BULLE POUR MASQUE FACIAL SIMPLUS TAILLE S;400HC579;1762;FISHER PAYKEL
117;BULLE POUR MASQUE FACIAL ULTRA MIRAGE TAILLE M;16605;1580;RESMED
118;BULLE POUR MASQUE NASAL A FUITE VISTA TAILLE S;60921;31;RESMED
119;BULLE POUR MASQUE NASAL ULTRA MIRAGE TAILLE S;16556;32;RESMED
120;BULLE POUR MASQUE ZEST Q;400HC542;1581;FISHER PAYKEL
121;CABLE ALLUME CIGARE / CONVERTISSEUR VIVO;004258;33;BREAS
122;CABLE ALLUME CIGARE 12 V - SOMMEIL 2012;1097568;34;RESPIRONICS
123;CABLE ALLUME CIGARE 12 V POUR PRISMA;WM24616;1685;LOWENSTEIN MEDICAL
124;CABLE ALLUME CIGARE 12 V RESPIRONICS;1001956;35;RESPIRONICS
125;CABLE ALLUME CIGARE 24V POUR PRISMA;WM24617;1686;LOWENSTEIN MEDICAL
126;CABLE ALLUME CIGARE ACCUVAC LITE;WM10650;2366;LOWENSTEIN MEDICAL
127;CABLE ALLUME CIGARE DREAMSTATION;1120746;2347;RESPIRONICS
128;CABLE ALLUME CIGARE POUR AIRSENSE;37297;1854;RESMED
129;CABLE ALLUME CIGARE POUR ASTRAL;27925;1878;RESMED
130;CABLE ALLUME CIGARE POUR S8;33942;115;RESMED
131;CABLE ALLUME CIGARE POUR S9;36970;116;RESMED
132;CABLE ALLUME CIGARE POUR SOLO 2;1156988;36;INVACARE POIRIER
133;CABLE APPEL INFIRMIERE POUR TRILOGY;1045290;37;RESPIRONICS
134;CABLE BATTERIE EXTERNE POUR TRILOGY;1047295;38;RESPIRONICS
135;CABLE BOUTON PRESSION 1500 MM - BLEU;WM96537;1046;LOWENSTEIN MEDICAL
136;CABLE BOUTON PRESSION 1500 MM - MARRON;WM96538;1047;LOWENSTEIN MEDICAL
137;CABLE BOUTON PRESSION 600 MM - BLANC;WM96524;1048;LOWENSTEIN MEDICAL
138;CABLE BOUTON PRESSION 600 MM - JAUNE;WM96523;1049;LOWENSTEIN MEDICAL
139;CABLE BOUTON PRESSION 600 MM - NOIR;WM96520;1050;LOWENSTEIN MEDICAL
140;CABLE BOUTON PRESSION 600 MM - ROUGE;WM96521;1051;LOWENSTEIN MEDICAL
141;CABLE BOUTON PRESSION 600 MM - VERT;WM96522;1052;LOWENSTEIN MEDICAL
142;CABLE CONNECTEUR PC / PR1;1037268;39;RESPIRONICS
143;CABLE CONNEXION ELECTRODES SOMNOTOUCH;SEN018;2178;SEFAM
144;CABLE DC CONVERTER 24V/90W / STELLAR;24922;2419;RESMED
145;CABLE DC RPSII / STELLAR;24981;40;RESMED
146;CABLE DC RPSII / VSIII;24963;41;RESMED
147;CABLE DE CHARGE USB POUR SOMNOCHECK;WM95116;1053;LOWENSTEIN MEDICAL
148;CABLE DE COMMUNICATION POUR TOSCA 500;5000101;1054;RADIOMETER SAS RESPIRONICS
149;CABLE DE CONNEXION PC / N560;049727;42;COVIDIEN MEDTRONIC
150;CABLE DE LIAISON TRILOGY / PC;1046972;43;RESPIRONICS
151;CABLE DE TRANSFERT POUR OXYMONTRE 3150;VD339000;2226;AIR LIQUIDE
152;CABLE LIAISON PC / 3100;VD326400;1055;AIR LIQUIDE
153;CABLE LIAISON PC / CID;CID73;1056;CIDELEC
154;CABLE LIAISON SERIE;CAB012527;2233;RESMED
155;CABLE LISAISON PC / VIVO / ISLEEP;003588;44;BREAS
156;CABLE MINI USB 1.8 M POUR SPIROTEL;532365;1057;LAMIRAU
157;CABLE OPEN PACK PB560;10094625;45;COVIDIEN MEDTRONIC
158;CABLE PRINCIPAL R&K;WM95206;2433;LOWENSTEIN MEDICAL
159;CABLE SERIE DE TELECHARGEMENT POUR HC600;900HC232;46;FISHER PAYKEL
160;CABLE UPLOADER RS232 / USB POUR SPIROTEL;910103;1058;LAMIRAU
161;CABLE USB - RS 485 POUR SOMNOCHECK;WM93321;1059;LOWENSTEIN MEDICAL
162;CAL- GAS;640210;1060;RADIOMETER SAS RESPIRONICS
163;CALE MASQUE NASAL COMFORT CLASSIC;A1002464;51;RESPIRONICS
164;CANULE BIESALSKI. ID = 7 MM;858310-070;1198;TELEFLEX
165;CANULE BIESALSKI. ID= 9 MM;858310-090;1199;TELEFLEX
166;CANULE BIVONA AIRE-CUF PARLANTE ID = 6 MM;755160;2396;SMITHS MEDICAL
167;CANULE BIVONA AIRE-CUF PARLANTE ID = 7 MM;755170;1202;SMITHS MEDICAL
168;CANULE BIVONA AIRE-CUF PARLANTE ID = 8 MM;755180;1203;SMITHS MEDICAL
169;CANULE BIVONA AIRE-CUF TTS. ID = 6 MM;670160;1204;SMITHS MEDICAL
170;CANULE BIVONA AIRE-CUF TTS. ID = 7 MM;670170;1205;SMITHS MEDICAL
171;CANULE BIVONA AIRE-CUF TTS. ID = 7.5 MM;670175;1206;SMITHS MEDICAL
172;CANULE BIVONA AIRE-CUF TTS. ID = 8 MM;670180;1207;SMITHS MEDICAL
173;CANULE BIVONA AIRE-CUF TTS. ID = 9 MM;670190;1208;SMITHS MEDICAL
174;CANULE BIVONA AIRE-CUF TTS. ID = 9.5 MM;670195;1209;SMITHS MEDICAL
175;CANULE BIVONA AIRE CUF A BALLONNET ID + 8 MM;750180;1201;SMITHS MEDICAL
176;CANULE BIVONA AIRE CUF A BALLONNET ID = 6 MM;750160;1200;SMITHS MEDICAL
177;CANULE BIVONA PEDIATRIQUE BALLONN N° 5.5;67P055;1210;SMITHS MEDICAL
178;CANULE BIVONA PEDIATRIQUE N° 4;60P040;1211;SMITHS MEDICAL
179;CANULE BIVONA PEDIATRIQUE N° 5.5;60P055;1212;SMITHS MEDICAL
180;CANULE BIVONA SANS BALLONNET.  ID = 6 MM;60A160;1213;SMITHS MEDICAL
181;CANULE BIVONA SANS BALLONNET.  ID = 7 MM;60A170;1214;SMITHS MEDICAL
182;CANULE BIVONA SANS BALLONNET. ID = 5 MM;60A150;1215;SMITHS MEDICAL
183;CANULE BLUE LINE SANS BALLONNET 070;100.811.070;1216;SMITHS MEDICAL
184;CANULE BLUE LINE SANS BALLONNET 080;100.811.080;1217;SMITHS MEDICAL
185;CANULE BLUE LINE SANS BALLONNET 090;100.811.090;1218;SMITHS MEDICAL
186;CANULE BLUE LINE ULTRA A BALLONNET 060;100.810.060;1219;SMITHS MEDICAL
187;CANULE BLUE LINE ULTRA A BALLONNET 080;100.800.080;1220;SMITHS MEDICAL
188;CANULE BLUE LINE ULTRA A BALLONNET 100;100.810.100;1221;SMITHS MEDICAL
189;CANULE BLUE LINE ULTRA FENETREE 060;100.813.060;1222;SMITHS MEDICAL
190;CANULE BLUE LINE ULTRA FENETREE 070;100.813.070;1223;SMITHS MEDICAL
191;CANULE BLUE LINE ULTRA FENETREE 075;100.813.075;1224;SMITHS MEDICAL
192;CANULE BLUE LINE ULTRA FENETREE 080;100.813.080;1225;SMITHS MEDICAL
193;CANULE BLUE LINE ULTRA FENETREE 085;100.813.085;1226;SMITHS MEDICAL
194;CANULE BLUE LINE ULTRA FENETREE 090;100.813.090;1227;SMITHS MEDICAL
195;CANULE BLUE LINE ULTRA FENETREE A BALLONNET 070;100.812.070;1228;SMITHS MEDICAL
196;CANULE BLUE LINE ULTRA FENETREE A BALLONNET 075;100.812.075;1229;SMITHS MEDICAL
197;CANULE BLUE LINE ULTRA FENETREE A BALONNETL0 80;100.812.080;1230;SMITHS MEDICAL
198;CANULE CLINY BALLONNET HAUTE PRESSION CH 22;122122;1231;COLLIN
199;CANULE CLINY BALLONNET HAUTE PRESSION CH 26;122126;1232;COLLIN
200;CANULE CLINY BALLONNET HAUTE PRESSION CH 30;122130;1233;COLLIN
201;CANULE CLINY BALLONNET HAUTE PRESSION CH 33;122133;1234;COLLIN
202;CANULE CLINY BALLONNET HAUTE PRESSION CH 37;122137;1235;COLLIN
203;CANULE GUEDEL VERTE TAILLE 3;124900-000030;2443;TELEFLEX
204;CANULE MG ACRYLIC KRISABER COURTE PARLANTE N°6;LAR134;1236;POURET MEDICAL
205;CANULE MG ACRYLIC PORTMANN N° 4. 85 MM;LAR266.04;1237;POURET MEDICAL
206;CANULE NASALE ADULTE ET CONNECTEUR;SEN115;2071;SEFAM
207;CANULE NASALE OPTIFLOW TAILLE M;OPT544;1649;FISHER PAYKEL
208;CANULE NASALE ORALE PROFLOW PLUS ADULTE;P1295;1061;RESPIRONICS
209;CANULE NASALE PEDIATRIQUE PAR 10;SEN116B;2297;SEFAM
210;CANULE NASALE PROFLOW ADULTE;P1259;1062;RESPIRONICS
211;CANULE SHILEY 10 CFS;10CFS;1238;COVIDIEN MEDTRONIC
212;CANULE SHILEY 4 CFS;4CFS;1239;COVIDIEN MEDTRONIC
213;CANULE SHILEY 6 CFS;6CFS;1240;COVIDIEN MEDTRONIC
214;CANULE SHILEY 8 CFS;8CFS;1241;COVIDIEN MEDTRONIC
215;CANULE SHILEY A BALLONNET 6 LPC;6LPC;1242;COVIDIEN MEDTRONIC
216;CANULE SHILEY A BALLONNET 8 LPC;8LPC;1243;COVIDIEN MEDTRONIC
217;CANULE SHILEY A BALLONNET BASSE PRESSION 8MM;8DCT;2453;COVIDIEN MEDTRONIC
218;CANULE SHILEY FENETREE 10 CFN;10CFN;1249;COVIDIEN MEDTRONIC
219;CANULE SHILEY FENETREE 4 CFN;4CFN;1250;COVIDIEN MEDTRONIC
220;CANULE SHILEY FENETREE 6 CFN;6CFN;1251;COVIDIEN MEDTRONIC
221;CANULE SHILEY FENETREE 8 CFN;8CFN;1252;COVIDIEN MEDTRONIC
222;CANULE SHILEY FENETREE BALLONNET 10 FEN;10FEN;1244;COVIDIEN MEDTRONIC
223;CANULE SHILEY FENETREE BALLONNET 4 FEN;4FEN;1245;COVIDIEN MEDTRONIC
224;CANULE SHILEY FENETREE BALLONNET 6 FEN;6FEN;1246;COVIDIEN MEDTRONIC
225;CANULE SHILEY FENETREE BALLONNET 8 FEN;8FEN;1247;COVIDIEN MEDTRONIC
226;CANULE SHILEY FENETREE CHEMISE JETABLE N° 6;6DCFN;1248;COVIDIEN MEDTRONIC
227;CANULE SHILEY PEDIATRIQUE - 3.5 PED;3.5PED;1253;COVIDIEN MEDTRONIC
228;CANULE SHILEY PEDIATRIQUE - 4.0 PED;4.0PED;1254;COVIDIEN MEDTRONIC
229;CANULE SHILEY PEDIATRIQUE - 4.5 PED;4.5PED;1255;COVIDIEN MEDTRONIC
230;CANULE SHILEY PEDIATRIQUE - 5.0 PED;5.0PED;2294;COVIDIEN MEDTRONIC
231;CANULE SHILEY PEDIATRIQUE - 5.5 PED;5.5PED;1256;COVIDIEN MEDTRONIC
232;CANULE SHILEY PEDIATRIQUE LONGUE N° 5;5.0PDL;1257;COVIDIEN MEDTRONIC
233;CANULE SHILEY PEDIATRIQUE LONGUE N° 5.5;5.5PDL;2286;COVIDIEN MEDTRONIC
234;CANULE SUMI FENETREE AVEC BALLONNET TAILLE 5;SU485010;1863;COLLIN
235;CANULE SUMI FENETREE SANS BALLONNET TAILLE 5;SU475010;1851;COLLIN
236;CANULE SUMI FENETREE SANS BALLONNET TAILLE 6;SU476010;2249;COLLIN
237;CANULE TRACHEOFIX A BALLONNET FENETREE TFPC ID 10;859001-100;1260;TELEFLEX
238;CANULE TRACHEOFIX A BALLONNET FENETREE TFPC ID 7;859001-070;1261;TELEFLEX
239;CANULE TRACHEOFIX A BALLONNET FENETREE TFPC ID 8.5;859001-085;1262;TELEFLEX
240;CANULE TRACHEOFIX A BALLONNET TAILLE 8.5 PAR 5;121400-085;1855;TELEFLEX
241;CANULE TRACHEOFIX A BALLONNET TFC ID = 10 MM;859000-100;2421;TELEFLEX
242;CANULE TRACHEOFIX A BALLONNET TFC ID = 7 MM;859000-070;1258;TELEFLEX
243;CANULE TRACHEOFIX A BALLONNET TFC ID = 8.5 MM;859000-085;1259;TELEFLEX
244;CANULE TRACHEOFIX FENETREE TFP ID = 10 MM;859003-010;1752;TELEFLEX
245;CANULE TRACHEOFIX FENETREE TFP ID = 70 MM;859003-070;2020;TELEFLEX
246;CANULE TRACHEOFIX FENETREE TFP ID = 8.5 MM;859003-085;1263;TELEFLEX
247;CANULE TRACHEOFIX TF ID = 7 MM;121415-070;1264;TELEFLEX
248;CANULE TRACHEOFIX TF ID = 7 MM;121415-070;1264;TELEFLEX
249;CANULE TRACHEOFLEX A BALLONNET FENETREE ID = 10 MM;120001-100;1272;TELEFLEX
250;CANULE TRACHEOFLEX A BALLONNET ID = 7 MM;858120-070;1266;TELEFLEX
251;CANULE TRACHEOFLEX A BALLONNET ID = 8 MM;858120-080;1267;TELEFLEX
252;CANULE TRACHEOFLEX A BALLONNET ID = 9 MM;858120-090;1268;TELEFLEX
253;CANULE TRACHEOFLEX COURTE FENETREE ID = 8 MM;120101-080;1269;TELEFLEX
254;CANULE TRACHEOFLEX COURTE FENETREE ID = 9 MM;120101-090;1808;TELEFLEX
255;CANULE TRACHEOFLEX COURTE ID = 7 MM;120100-070;2161;TELEFLEX
256;CANULE TRACHEOFLEX COURTE ID = 8 MM;120100-080;1270;TELEFLEX
257;CANULE TRACHEOFLEX COURTE ID = 9 MM;120100-090;1717;TELEFLEX
258;CANULE TRACHEOFLEX COURTE PARLANTE ID = 7 MM;120062-070;1271;TELEFLEX
259;CANULE TRACHEOSOFT A BALLONNET HI-LO;135-70;1274;COVIDIEN MEDTRONIC
260;CANULE TRACOE AVEC RACCORD CB N° 7;LAR153.07;1275;POURET MEDICAL
261;CANULE TRACOE AVEC RACCORD CB N° 9;LAR153.09;1276;POURET MEDICAL
262;CANULE TRACOE KRISABER 2 RACCORDS CB N° 5;LAR105D.05;1583;POURET MEDICAL
263;CANULE TRACOE KRISABER 2 RACCORDS CB N° 8;LAR105D.08;1277;POURET MEDICAL
264;CANULE TRACOE KRISABER PARLANTE N° 8;LAR158.08;1278;POURET MEDICAL
265;CANULE TRACOE PARLANTE RACCORD CB N° 6;LAR801.06;1279;POURET MEDICAL
266;CANULE TRACOE PARLANTE RACCORD CB N° 7;LAR801.07;1280;POURET MEDICAL
267;CANULE TRACOE PARLANTE RACCORD CB N° 8;LAR801.08;1281;POURET MEDICAL
268;CANULE TRACOE PARLANTE RACCORD CB N° 9;LAR801.09;1282;POURET MEDICAL
269;CANULE TRACOE SPECIALE DUTOURNIER;CANSPEDUT;1283;POURET MEDICAL
270;CANULE TRACOE SPECIALE ROY;CANSPEROY;1284;POURET MEDICAL
271;CANULE TRACOE TWIST AVEC BALLONNET BP L72;LAR301.06;2116;POURET MEDICAL
272;CANULE TRACOE TWIST FENETREE N° 10;LAR304.10;1285;POURET MEDICAL
273;CANULE TRACOE TWIST INTERNE  FENETREE N 10 BOITE 2;LAR401.10;1286;POURET MEDICAL
274;CANULE ULTRA-TRACHEOFLEX A BALLONNET ID = 7 MM;858110-070;1287;TELEFLEX
275;CANULE ULTRA-TRACHEOFLEX A BALLONNET ID = 8 MM;858110-080;1288;TELEFLEX
276;CANULE ULTRA-TRACHEOFLEX A BALLONNET ID = 9 MM;858110-090;1289;TELEFLEX
277;CANULE ULTRA-TRACHEOFLEX LONGUE A BALL ID 8 MM;120378-080;1273;TELEFLEX
278;CANULE ULTRA-TRACHEOFLEX LONGUE A BALL ID 9 MM;120378-090;1810;TELEFLEX
279;CAPTEUR ABDOMINAL EFFORT A FICHE BLEUE;WM94080;1063;LOWENSTEIN MEDICAL
280;CAPTEUR ABDOMINAL LOOP POUR SOMNOCHEK;WM95155;1064;LOWENSTEIN MEDICAL
281;CAPTEUR COMBI EFFORT + 2 VOIES PLM;TOS170;2078;SEFAM
282;capteur combi effort et 2 voies PLM;TOS170;2068;SEFAM
283;CAPTEUR COMBI EFFORT SOMNOTOUCH;TOS170;2180;SEFAM
284;CAPTEUR DE DEBIT EXPIRATOIRE ET RONFLEME;WM94010;1065;LOWENSTEIN MEDICAL
285;CAPTEUR ENLITE;MMT-7008A;895;MEDTRONIC
286;CAPTEUR FLEXIBLE ADULTE POUR OXYMETRE 3100;VD326500;2281;AIR LIQUIDE
287;CAPTEUR OXIMAX MAX - A - D25 > 30 KG;MAX-A-I;1066;COVIDIEN MEDTRONIC
288;CAPTEUR OXIMAX MAX - I - 3-20 KG;MAX-I-I;1067;COVIDIEN MEDTRONIC
289;CAPTEUR OXIMAX MAX - N - N25 < 3 > 40 KG;MAX-N-I;1068;COVIDIEN MEDTRONIC
290;CAPTEUR SOFT TAILLE M POUR CID 102L;LNONSM;1069;CIDELEC
291;CAPTEUR SONS POSITION ADULTE;L102ACP;1070;CIDELEC
292;CAPTEUR SONS POSITION PEDIATRIQUE ACTIME;L8102PCPA;1071;CIDELEC
293;CAPTEUR SOUPLE ADULTE CID102 - FIL COURT;LNONJ;1072;CIDELEC
294;CAPTEUR SOUPLE DE SATURATION SOMNOCHECK;WM18035;1073;LOWENSTEIN MEDICAL
295;CAPTEUR SOUPLE DOIGT ADULTE POUR 3100;VD331500;2293;AIR LIQUIDE
296;CAPTEUR SOUPLE PEDIAT CID102 - FIL 1 M;L8NONJP;1074;CIDELEC
297;CAPTEUR SOUPLE PEDIAT CID102 - FIL COURT;LNONJP;1075;CIDELEC
298;CAPTEUR SP02 FLEXIBLE ENFANT (8008 J);VD309900;1076;AIR LIQUIDE
299;CAPTEUR SP02 JETABLE NOURRISSON (7000 N);VD311500;1077;AIR LIQUIDE
300;CAPTEUR SPO2 A CLIP MINIMED 90°;WM95105;1078;LOWENSTEIN MEDICAL
301;CAPTEUR SPO2 COQUILLE CID102 - FIL COURT;LNONAA;1079;CIDELEC
302;CAPTEUR SPO2 ENVITEC;WM94034;1080;LOWENSTEIN MEDICAL
303;CAPTEUR SPO2 FLEXIBLE ADULTE (8000 J);VD307300;1081;AIR LIQUIDE
304;CAPTEUR SPO2 SOMNOTOUCH;TOS062;2179;SEFAM
305;CAPTEUR THORACIQUE POUR SOMNOCHECK EFFORT;WM94070;1082;LOWENSTEIN MEDICAL
306;CAPTEURDE GLYCEMIE G4 DEXCOM;10091201;894;ANIMAS
307;CAPUCHON POUR CANULE;CAP;1648;COVIDIEN MEDTRONIC
308;CARTE FLASH POUR VIVO / ISLEEP;003619;57;BREAS
309;CARTE POUR OBSERVANCE AUTOSET SPIRIT 8;22905;58;RESMED
310;CARTE POUR OBSERVANCE AUTOSET SPIRIT 8;22905;58;RESMED
311;CARTE SD POUR AIRSENSE S10;37331;2291;RESMED
312;CARTE SD POUR PRS1;1063859;59;RESPIRONICS
313;CARTE SD POUR S9;36841;60;RESMED
314;CARTE SD POUR SOMNOBALANCE E;WM29791;61;LOWENSTEIN MEDICAL
315;CARTON 25X20X10 PAR 50;11305027;1870;CENPAC
316;CARTON 31X22X15 PAR 50;593355;1871;CENPAC
317;CARTON 50X40X40 PAR 20;11153401;1792;CENPAC
318;CARTON 60X40X40 PAR 20;516636;1791;CENPAC
319;CARTON DASRI;DASRI;2099;
320;CATHETER-MOUNT 15 CM DOUBLE ROTULE 22 F;331-5385;1291;COVIDIEN MEDTRONIC
321;CATHETER ACCU-CHEK FLEXLINK 10 / 110;04626559001;896;ROCHE DIABETE FRANCE
322;CATHETER ACCU-CHEK FLEXLINK 10 / 60;04626516001;897;ROCHE DIABETE FRANCE
323;CATHETER ACCU-CHEK FLEXLINK 10 / 80;04626524001;898;ROCHE DIABETE FRANCE
324;CATHETER ACCU-CHEK FLEXLINK 8 / 60;04626435001;899;ROCHE DIABETE FRANCE
325;CATHETER ACCU-CHEK FLEXLINK 8 / 80;04626478001;900;ROCHE DIABETE FRANCE
326;CATHETER ACCU-CHEK INSIGHT 10/100;06477933001;2374;ROCHE DIABETE FRANCE
327;CATHETER ACCU-CHEK INSIGHT 10/70;06477950001;2375;ROCHE DIABETE FRANCE
328;CATHETER ACCU-CHEK INSIGHT 6/100;06477968001;2377;ROCHE DIABETE FRANCE
329;CATHETER ACCU-CHEK INSIGHT 6/70;06477984001;2378;ROCHE DIABETE FRANCE
330;CATHETER ACCU-CHEK INSIGHT 8/100;06477992001;2379;ROCHE DIABETE FRANCE
331;CATHETER ACCU-CHEK INSIGHT 8/70;06478018001;2380;ROCHE DIABETE FRANCE
332;CATHETER ACCU-CHEK RAPID-D LINK CAN 10MM;04541022001;901;ROCHE DIABETE FRANCE
333;CATHETER ACCU-CHEK RAPID-D LINK TUB 70M;04541081001;902;ROCHE DIABETE FRANCE
334;CATHETER ACCU-CHEK TENDERLINK 13 / 60;045415600001;903;ROCHE DIABETE FRANCE
335;CATHETER ACCU-CHEK TENDERLINK 13 / 80;04541618001;904;ROCHE DIABETE FRANCE
336;CATHETER ACCU-CHEK TENDERLINK 17 / 110;045416260001;905;ROCHE DIABETE FRANCE
337;CATHETER ACCU-CHEK TENDERLINK 17 / 30;04541634001;906;ROCHE DIABETE FRANCE
338;CATHETER ACCU-CHEK TENDERLINK 17 / 60;04541642001;907;ROCHE DIABETE FRANCE
339;CATHETER ACCU-CHEK TENDERLINK 17 / 80;04541669001;908;ROCHE DIABETE FRANCE
340;CATHETER COMFORT 60 CM 13 MM;100-240-01;910;ANIMAS
341;CATHETER COMFORT 60 CM 17 MM;100-006-51;911;ANIMAS
342;CATHETER INSET II 6 MM 110 CM;100-412-00;913;ANIMAS
343;CATHETER INSET II 6 MM 60 CM;100-410-00;914;ANIMAS
344;CATHETER INSET II 9 MM 110 CM;100-413-00;915;ANIMAS
345;CATHETER INSET II 9 MM 60 CM;100-411-00;916;ANIMAS
346;CATHETER MOUNT - 5180000;5180;1290;INTERSURGICAL
347;CATHETER MOUNT + ECH;1341580S;2245;INTERSURGICAL
348;CATHETER MOUNT INTERSURGICAL - 3511;3511;1584;INTERSURGICAL
349;CATHETER MOUNT PEDIATRIQUE - 3535;3535;1835;INTERSURGICAL
350;CATHETER PERFUSET QUICK-SET 6 MM 109 CM 1.8 ML;MMT-398SB;963;MEDTRONIC
351;CATHETER PERFUSET QUICK-SET 6 MM 109 CM 3 ML;MMT-398XL;964;MEDTRONIC
352;CATHETER PERFUSET QUICK-SET 6 MM 58 CM 1.8 ML;MMT-399SB;966;MEDTRONIC
353;CATHETER PERFUSET QUICK-SET 6 MM 58 CM 3 ML;MMT-399XL;967;MEDTRONIC
354;CATHETER PERFUSET QUICK-SET 6 MM 58 CM LUER LOCK;MMT-393SB;968;MEDTRONIC
355;CATHETER PERFUSET QUICK-SET 9 MM 109 CM 1.8 ML;MMT-396SB;970;MEDTRONIC
356;CATHETER PERFUSET QUICK-SET 9 MM 109 CM 3 ML;MMT-396XL;971;MEDTRONIC
357;CATHETER PERFUSET QUICK-SET 9 MM 58 CM 1.8 ML;MMT-397SB;973;MEDTRONIC
358;CATHETER PERFUSET QUICK-SET 9 MM 58 CM 3 ML;MMT-397XL;974;MEDTRONIC
359;CATHETER PERFUSET SILHOUETTE 17 MM 110  CM 1.8 ML;MMT-377SB;975;MEDTRONIC
360;CATHETER PERFUSET SILHOUETTE 17 MM 110  CM 3 ML;MMT-377XL;976;MEDTRONIC
361;CATHETER PERFUSET SILHOUETTE 17 MM 60 CM 1.8 ML;MMT-378SB;978;MEDTRONIC
362;CATHETER PERFUSET SILHOUETTE 17 MM 60 CM 3 ML;MMT-378XL;979;MEDTRONIC
363;CATHETER QUICK-SET 6 MM 109 CM LUER LOCK - MMT391;MMT-391;1007;MEDTRONIC
364;CATHETER QUICK-SET 6 MM 109 CM PARADIGM-  MMT398;MMT-398;1008;MEDTRONIC
365;CATHETER QUICK-SET 6 MM 58 CM LUER LOCK-  MMT393;MMT-393;1009;MEDTRONIC
366;CATHETER QUICK-SET 6 MM 58 CM PARADIGM - MMT399;MMT-399;1010;MEDTRONIC
367;CATHETER QUICK-SET 9 MM 109 CM LUER LOCK - MMT390;MMT-390;1011;MEDTRONIC
368;CATHETER QUICK-SET 9 MM 109 CM PARADIGM - MMT396;MMT-396;1012;MEDTRONIC
369;CATHETER QUICK-SET 9 MM 58 CM LUER LOCK - MMT392;MMT-392;1013;MEDTRONIC
370;CATHETER QUICK-SET 9 MM 58 CM PARADIGM - MMT397;MMT-397;1014;MEDTRONIC
371;CATHETER SILHOUETTE 13 MM 110 CM PARADIGM - MMT382;MMT-382;1020;MEDTRONIC
372;CATHETER SILHOUETTE 13 MM 60 CM PARADIGM  - MMT381;MMT-381;1021;MEDTRONIC
373;CATHETER SILHOUETTE 17 MM 110 CM LUER LOCK -MMT371;MMT-371;1022;MEDTRONIC
374;CATHETER SILHOUETTE 17 MM 110 CM PARADIGM - MMT377;MMT-377;1023;MEDTRONIC
375;CATHETER SILHOUETTE 17 MM 60 CM LUER LOCK - MMT373;MMT-373;1024;MEDTRONIC
376;CATHETER SILHOUETTE 17 MM 60 CM PARADIGM - MMT378;MMT-378;1025;MEDTRONIC
377;CEINTURE ABDOMINALE 1.10 M (EXTREMITE JAUNE);WM94083;1083;LOWENSTEIN MEDICAL
378;CEINTURE ABDOMINALE 1.50M (EXTREMITE VERTE);WM94082;1084;LOWENSTEIN MEDICAL
379;CEINTURE ADULTE WAIST IT ANIMAS BLANC;100-026-01;920;ANIMAS
380;CEINTURE ADULTE WAIST IT ANIMAS NOIRE;100-026-00;921;ANIMAS
381;CEINTURE AVEC ETUI BLANC;ACC-206WH;2333;MEDTRONIC
382;CEINTURE AVEC ETUI NOIR;ACC-206BL;2351;MEDTRONIC
383;CEINTURE BASIQUE PARADIGM;PAC2P03;922;MEDTRONIC
384;CEINTURE CONFORT M;ACC*501MBL;2390;MEDTRONIC
385;CEINTURE DE SPORT ACCUCHEK;04652401001;924;ROCHE DIABETE FRANCE
386;CEINTURE JAMBE AVEC ETUI BLANC;ACC-204WH;2334;MEDTRONIC
387;CEINTURE JAMBE AVEC ETUI NOIR;ACC-204BL;2332;MEDTRONIC
388;CEINTURE MODELE BELTER NOIR - ANIMAS;100-028-00;925;ANIMAS
389;CEINTURE POUR BRAS BLANCHE;04652398001;926;ROCHE DIABETE FRANCE
390;CEINTURE POUR TAILLE BLANCHE;04652371001;927;ROCHE DIABETE FRANCE
391;CEINTURE POUR TAILLE NOIRE;04652380001;928;ROCHE DIABETE FRANCE
392;CEINTURE THORACIQUE  1.50M (EXTREMITE VERTE);WM94054;1085;LOWENSTEIN MEDICAL
393;CEINTURE THORACIQUE 1.10 M (EXTREMITE JAUNE);WM94053;1086;LOWENSTEIN MEDICAL
394;CELLULE A OXYGENE MAX-250E;R125P03-002;1088;L3 MEDICAL
395;CELLULE A OXYGENE MAX O2+A (INTERNE);R125P02-011;1087;L3 MEDICAL
396;CHAMBRE AUTO REMPLISSAGE MR 290;MR290V;1130;FISHER PAYKEL
397;CHAMBRE D'HUMIDIFICATION HC 325;325S;1131;FISHER PAYKEL
398;CHAMBRE D'HUMIDIFICATION M SERIES;1003756;1132;RESPIRONICS
399;CHAMBRE D'HUMIDIFICATION MR 250;MR250;1133;FISHER PAYKEL
400;CHAMBRE D'HUMIDIFICATION POUR H2I;30951;1134;RESMED
401;CHAMBRE D'HUMIDIFICATION POUR H3I;33928;1135;RESMED
402;CHAMBRE D'HUMIDIFICATION POUR H4I;26958;1136;RESMED
403;CHAMBRE D'HUMIDIFICATION POUR H5I;36800;1137;RESMED
404;CHAMBRE D'HUMIDIFICATION POUR HA 20;004861;1138;BREAS
405;CHAMBRE D'HUMIDIFICATION POUR ICON;900ICON200;1139;FISHER PAYKEL
406;CHAMBRE D'HUMIDIFICATION REMSTAR;1035322;1140;RESPIRONICS
407;CHAMBRE D'HUMIDIFICATION SLEEPSTYLE 200;HC385;1141;FISHER PAYKEL
408;CHAMBRE D'HUMIDIFICATION SLEEPSTYLE 600;HC365S;1142;FISHER PAYKEL
409;CHAMBRE D'HUMIDIFICATION SOMMEIL 2012;1063785;1143;RESPIRONICS
410;CHAMBRE D HUMIDIFICATION DREAMSTAR;M-315510-14;1853;SEFAM
411;CHAMBRE D HUMIDIFICATION POUR DREAMSTATION;1122520;2303;RESPIRONICS
412;CHAMP STERILE RAUCODRAPE 38*45;33001;2191;LOHMANN MEDICAL
413;CHAMP STERILE RAUCODRAPE 75*75;33012;2192;LOHMANN MEDICAL
414;CHARGEUR AVEC CABLE DE TRANSMISSION PC;WM94060;1089;LOWENSTEIN MEDICAL
415;CHARGEUR AVEC CABLE POUR VIVO 50;005186;62;BREAS
416;CHARGEUR DE BATTERIE POUR TRILOGY;1072182;63;RESPIRONICS
417;CHARGEUR DE PILES POUR EFLOW RAPID;PB0521;444;PULMOMED
418;CHARGEUR EXTERNE POUR BATTERIE SOLO 2;TP0115-EU;2082;INVACARE POIRIER
419;CHARGEUR POUR EOLE 3 XLS;CB1424;2397;RESMED
420;CHARIOT INOX POUR BOUTEILLE OXYGENE;CHARIOTBOU041M3;2168;FILA
421;CHARIOT POLYVALENT ELISEE 150;24905;64;RESMED
422;CHARIOT POUR BOUTEILLE OXYGENE;R521117;2126;LINDE HEALTHCARE
423;CHARIOT POUR INOGEN G3;S3231022;1801;SCALEO
424;CHARIOT POUR SOLO 2;"1533371-TPO120
";2417;INVACARE POIRIER
425;CHARLOTTE BOITE DE 100;161120;2452;PARAMAT
426;CHAUSSETTE ANTI-CONDENSATION;1260;65;L3 MEDICAL
427;CHEMISE INTERNE AVEC RACCORD CB;105IK;1700;POURET MEDICAL
428;CHEMISE INTERNE BLUE LINE 080;100.850.080;1292;ATOS MEDICAL
429;CHEMISE INTERNE FENETREE BLUE LINE 080;100.851.080;1294;TELEFLEX
430;CHEMISE INTERNE FENETREE JETABLE SHILEY N° 6;6DICFEN;1293;COVIDIEN MEDTRONIC
431;CHEMISE INTERNE FENETREE N°10;121435-000100;1850;TELEFLEX
432;CHEMISE INTERNE FENETREE N°11;121435-000110;1787;TELEFLEX
433;CHEMISE INTERNE NON FENETREE JETABLE SHILEY N° 6;6DIC;2271;COVIDIEN MEDTRONIC
434;CHEMISE INTERNE POUR TRACHEOFIX 8.5 MM;121430-085;1295;TELEFLEX
435;CHEMISE INTERNE TRACHEOFIX BALLONNET FENETREE 8.5;121440-085;1296;TELEFLEX
436;CHEMISE INTERNE TRACHEOFIX FENETREE 8.5;121435-085;1688;TELEFLEX
437;CHEMISE PATIENT;CHE;2439;
438;CIRCUIT 1.60 M - 5804;5804;66;INTERSURGICAL
439;CIRCUIT ADULTE 1.50 M AVEC LIGNE DE COMMANDE;5113018;67;INTERSURGICAL
440;CIRCUIT ADULTE AVEC PIEGE A EAU - 5009;5009000;68;INTERSURGICAL
441;CIRCUIT ADULTE DOUBLE BRANCHE- 5113020;5113020;70;INTERSURGICAL
442;CIRCUIT ADULTE DOUBLE BRANCHE - 5000;5000000;69;INTERSURGICAL
443;CIRCUIT ADULTE SIMPLE BRANCHE - 5183064;5183064;72;INTERSURGICAL
444;CIRCUIT ADULTE SIMPLE BRANCHE PIEGE A EAU 5113006;5113006;71;INTERSURGICAL
445;CIRCUIT ADULTE SIMPLE BRANCHE POUR ELISEE;5183000;73;INTERSURGICAL
446;CIRCUIT AEROSOL AVEC CUVE TUYAU ET MASQUE;1453015;1915;INTERSURGICAL
447;CIRCUIT AEROSOL HUDSON + EMBOUT BUCCAL;41732;445;TELEFLEX
448;CIRCUIT AEROSOL HUDSON + MASQUE;41893;446;TELEFLEX
449;CIRCUIT AEROSOL HUDSON AVEC MASQUE PEDIATRIQUE;41707;447;TELEFLEX
450;CIRCUIT AEROSOL PARI LC PLUS - 22 G 8104;22G8104;448;PULMOMED
451;CIRCUIT AEROSOL PARI LC SPRINT SINUS;23G2860;1587;PULMOMED
452;CIRCUIT AEROSOL PARI LC SPRINT SP;23G6110;1708;PULMOMED
453;CIRCUIT AEROSOL PARI LC SPRINT STAR;23G1250;449;PULMOMED
454;CIRCUIT AEROSOL PARI LC SPRINT TRACHEO;23G1080;1586;PULMOMED
455;CIRCUIT CHAUFFANT CLIMATE LINE;36995;1145;RESMED
456;CIRCUIT CHAUFFANT CLIMATELINE AIRSENSE S10;37296;1723;RESMED
457;CIRCUIT CHAUFFANT POUR DREAMSTATION;HT15;2370;RESPIRONICS
458;CIRCUIT CHAUFFANT POUR HC500/550- RT 102;RT102;1146;FISHER PAYKEL
459;CIRCUIT CHAUFFANT POUR MR810;900MR810;1585;FISHER PAYKEL
460;CIRCUIT CHAUFFANT POUR OXYGENOTHERAPIE;RT308;1147;FISHER PAYKEL
461;CIRCUIT CHAUFFANT POUR PRISMA 20A;WM29075;2270;LOWENSTEIN MEDICAL
462;CIRCUIT CHAUFFANT POUR SLEEPSTYLE 600;900HC522;74;FISHER PAYKEL
463;CIRCUIT DE VENTILATION 2 BRANCHES CHAUFFEES -RT105;RT105;1148;FISHER PAYKEL
464;CIRCUIT DE VENTILATION CHAUFFEE AVEC CHAMBRE MR290;RT202;2246;FISHER PAYKEL
465;CIRCUIT DE VENTILATION COAXIAL - 2900;2900000;75;INTERSURGICAL
466;CIRCUIT DOUBLE BRANCHE + VALVE;5094000;76;COVIDIEN MEDTRONIC
467;CIRCUIT DOUBLE BRANCHE CHAUFFEE NEONATAL;RT265;2305;FISHER PAYKEL
468;CIRCUIT HUMIDIFICATION OUVERT POUR LS 2000;2901HUOVR;450;SYSTAM
469;CIRCUIT MONOBRANCHE CHAUFFE TRACHEOTOMIE;RT443;1149;FISHER PAYKEL
470;CIRCUIT NON INVASIF PATIENT UNIQUE;582073;2254;RESPIRONICS
471;CIRCUIT PATIENT 1.5M 22MM;5015000;2272;INTERSURGICAL
472;CIRCUIT PATIENT A FUITE POUR TRILOGY;1052066;77;RESPIRONICS
473;CIRCUIT PATIENT A VALVE POUR TRILOGY;1052064;78;RESPIRONICS
474;CIRCUIT PATIENT AIRVO;900PT501;1653;FISHER PAYKEL
475;CIRCUIT PATIENT ALPHA 200C AIRLIFE 1618G;KG018500;79;AIR LIQUIDE
476;CIRCUIT PATIENT ALPHA 200C INTERSURGICAL;1416;80;INTERSURGICAL
477;CIRCUIT PATIENT AUTOSET CS2;26909;81;RESMED
478;CIRCUIT PATIENT CLEARWAY;0960.101;94;L3 MEDICAL
479;CIRCUIT PATIENT COUGHASSIST;325-9217;82;RESPIRONICS
480;CIRCUIT PATIENT COUGHASSIST ENFANT EN BAS AGE;325-9236;83;RESPIRONICS
481;CIRCUIT PATIENT COUGHASSIST PEDIATRIQUE;325-9237;84;RESPIRONICS
482;CIRCUIT PATIENT COUGHASSIST TAILLE M;325-9234;85;RESPIRONICS
483;CIRCUIT PATIENT COUGHASSIST TAILLE S;325-9235;86;RESPIRONICS
484;CIRCUIT PATIENT DOUBLE BRANCHE MONOCHAUF EVAQUA 2;RT380;1647;FISHER PAYKEL
485;CIRCUIT PATIENT DOUBLE BRANCHE MONOCHAUFFE;RT340;104;FISHER PAYKEL
486;CIRCUIT PATIENT EFLOW RAPID;678G8222;451;PULMOMED
487;CIRCUIT PATIENT HYTREL 120 CM;TSB-4GLT;87;L3 MEDICAL
488;CIRCUIT PATIENT HYTREL 180 CM;TSB-6GLT;88;L3 MEDICAL
489;CIRCUIT PATIENT HYTREL 180 CM PRISE DE P;TSB-6PAP;89;L3 MEDICAL
490;CIRCUIT PATIENT HYTREL 3M;TSN-10GLT;1656;L3 MEDICAL
491;CIRCUIT PATIENT HYTREL 45 CM;TSB-1.5GLT;90;L3 MEDICAL
492;CIRCUIT PATIENT HYTREL 60 CM;TSB-2GLT;91;L3 MEDICAL
493;CIRCUIT PATIENT HYTREL 90 CM;TSB-3GLT;92;L3 MEDICAL
494;CIRCUIT PATIENT IMP 2 (REUTILISABLE);A50095;93;I.M.A.PE
495;CIRCUIT PATIENT SIMPLE BRANCHE AVEC VALVE;5194000;1588;INTERSURGICAL
496;CIRCUIT PATIENT SLIMLINE;36810;95;RESMED
497;CIRCUIT PATIENT SOMNOCOMFORT;WM24130;96;LOWENSTEIN MEDICAL
498;CIRCUIT PATIENT SOMNOSMART;WM23991;1591;LOWENSTEIN MEDICAL
499;CIRCUIT PATIENT THERMOSMART POUR ICON;900ICON208;97;FISHER PAYKEL
500;CIRCUIT PEDIA SIMPLE BRANCHE A VALVE - 5113001;5113001;99;INTERSURGICAL
501;CIRCUIT PEDIATRIQUE 50 CM;5005;98;INTERSURGICAL
502;CIRCUIT PEDIATRIQUE AVEC PIEGES A EAU;306-6948;100;COVIDIEN MEDTRONIC
503;CIRCUIT PEDIATRIQUE DOUBLE BRANCHE - 305/6714;305/6714;101;COVIDIEN MEDTRONIC
504;CIRCUIT PEDIATRIQUE DOUBLE BRANCHE - 5016000;5016000;103;INTERSURGICAL
505;CIRCUIT PEDIATRIQUE DOUBLE BRANCHE AVEC VALVE;5093900;102;COVIDIEN MEDTRONIC
506;CIRCUIT PEDIATRIQUE DOUBLE BRANCHE CHAUFFE PIEGE;5504850;1677;INTERSURGICAL
507;CIRCUIT PEDIATRIQUE DOUBLE BRANCHE MONOCHAUFFE;5068850;1589;INTERSURGICAL
508;CIRCUIT SIMPLE BRANCHE +VALVE+PROXIMAL;5093600;1590;COVIDIEN MEDTRONIC
509;CIRCUIT SIMPLE BRANCHE QUICK CONNECT POUR ASTRAL;21311;2232;RESMED
510;CIRCUIT TOP PLUS AVEC EMBOUT BUCCAL;1478;452;INTERSURGICAL
511;CLE DE VERROUILLAGE POUR POMPE CADD;21-2185-51;801;SMITHS MEDICAL
512;CLE POUR MISE A JOUR LOGICIEL PM100N;10149843;2300;COVIDIEN MEDTRONIC
513;CLE POUR RYTHMIC PLUS CONNECT;KS5.01.190.1;802;SMD
514;CLE USB POUR STELLAR 150;24935;105;RESMED
515;CLINUTREN HP HC CHOCOLAT 200 ML;4637728;662;NESTLE CLINICAL NUTRITION
516;CLIP CASE POUR ACCUCHEK SPIRIT;05942071001;930;ROCHE DIABETE FRANCE
517;CLIP CEINTURE GRIS POUR POMPE  754;MMT-640;931;MEDTRONIC
518;CLIP CEINTURE GRIS POUR POMPE 554;MMT-631 CL;2330;MEDTRONIC
519;CLIP CEINTURE NOIR POUR POMPE 512;MMT-631;932;MEDTRONIC
520;CLIP PROTECTEUR TUBULURE POUR POMPE 512;MMT-632;933;MEDTRONIC
521;CLIP PROTECTEUR TUBULURE POUR POMPE 712;MMT-641;934;MEDTRONIC
522;CLIP ULTRA FIN ANIMAS;100-195-01;986;ANIMAS
523;COLLECTEUR STIL'ECO - 1.3 LITRE;674591;803;PROCIM
524;COLLECTEUR STIL'ECO - 2 LITRES;674927;804;PROCIM
525;COLLECTEUR STIL'ECO - 3 LITRES;674935;805;PROCIM
526;COLLIER DE SERRAGE 190*4.8 PAR 100;178-484;2110;RS
527;COLLIER DE SERRAGE TY100-18-100 PAR 100;543-428;2111;RS
528;COLLIER DE SERRAGE TY400-50-100 PAR 100;605-201;2112;RS
529;COMPRESSE ASKINA DERM 10 X 12 CM;F72035;806;BRAUN
530;COMPRESSE ASKINA DERM 6 X 7 CM;F72032;807;BRAUN
531;COMPRESSE DE GAZE GAZIN 5 X 5. PAR 100;18500;808;LOHMANN MEDICAL
532;COMPRESSE METALLINE TRACHEO 6 X 7 CM;L23093;1592;LOHMANN MEDICAL
533;COMPRESSE METALLINE TRACHEO 8 X 9 CM;23094;809;LOHMANN MEDICAL
534;COMPRESSE NON STERILE 10 X 10. PAR 100;12064;810;LOHMANN MEDICAL
535;COMPRESSE NT 30 G - 5 X 5. SACHET DE 2;12076;811;LOHMANN MEDICAL
536;COMPRESSE NT 30G 7.5 X 7.5 SACHET DE 2;12099;1650;LOHMANN MEDICAL
537;COMPRESSE NT 40 G STERILE - 7.5 X 10. PAR 2;94707;812;LOHMANN MEDICAL
538;COMPRESSE STERILE 7.5 X 7.5 - PAR 10;98075;2459;LOHMANN MEDICAL
539;COMPRESSE STERILE 7.5 X 7.5 - PAR 5;12083;813;LOHMANN MEDICAL
540;COMPRESSE TEGADERM 6 X 7 CM;1624W;814;3M FRANCE
541;CONNECTEUR FACE AVANT JAUNE POUR IMP2;B11011-125-2Y;108;I.M.A.PE
542;CONNECTEUR FACE AVANT ROUGE POUR IMP2;B11011-125-2R;109;I.M.A.PE
543;CONNECTEUR FACE AVANT VERT POUR IMP2;B11011-125-2G;110;I.M.A.PE
544;CONNECTEUR LUER MALE EN ABS;800.00;1655;VYGON
545;CONNECTEUR POUR SONDE DE GASTROSTOMIE CH 08;35703;663;NUTRICIA
546;CONNECTEUR POUR SONDE DE GASTROSTOMIE CH 10;69863;664;NUTRICIA
547;CONNECTEUR POUR SONDE DE GASTROSTOMIE CH 14;69864;665;NUTRICIA
548;CONNECTEUR POUR SONDE DE GASTROSTOMIE CH 18;69868;666;NUTRICIA
549;CONNECTEUR VERS CAPTEUR EFFORT;WM94081;1090;LOWENSTEIN MEDICAL
550;CONNEXION POUR CIRCUIT A FUITE TRILOGY;1040372;111;RESPIRONICS
551;CONNEXION POUR CIRCUIT A VALVE TRILOGY;1054670;112;RESPIRONICS
552;CONTOUR NEXT LINK BAYER;HMS-6312;1764;MEDTRONIC
553;CONTROL'DOSE SYST'AM;2343;453;SYSTAM
554;CONTROLEUR DE PRESSION POUR AEROSOL;07B0001;2073;PULMOMED
555;CONVERTISSEUR 12 V POUR SOMNOBALANCE E;WM24469;114;LOWENSTEIN MEDICAL
556;CONVERTISSEUR 12/24 POUR VIVO 50;004901;1809;BREAS
557;CONVERTISSEUR CC 12 V POUR SYNCHRONY 2;1012975;117;RESPIRONICS
558;CONVERTISSEUR POUR PRISMA 24 V;WM24617;1716;LOWENSTEIN MEDICAL
559;COQUE POUR MASQUE ESON;COQUE ESON L;1763;FISHER PAYKEL
560;COQUE POUR MASQUE SIMPLUS;COQUE SIMPLUS;1767;FISHER PAYKEL
561;COQUE SILICONE OMNIPOD NOIR;4300286;2401;YPSOMED SAS
562;COQUE SILICONE POUR POMPE 640 NOIR;ACC-821BK;2412;MEDTRONIC
563;COQUE SILICONE POUR VEO 754;ACC-251BK;2391;MEDTRONIC
564;CORDON DE RETRAIT MASQUE FACIAL;60618;119;RESMED
565;COUPELLE A MEDICAMENT SYST'AM;2341;454;SYSTAM
566;COUVERCLE DE BOCAL 1.3 L POUR V7 + B;4383010;497;L3 MEDICAL
567;COUVERCLE DE BOCAL POUR ACCUVAC;WM10636;498;LOWENSTEIN MEDICAL
568;COUVERCLE DE CUVE EFLOW;78B3800;455;PULMOMED
569;COUVERCLE DE CUVE SYST'AM;2342;456;SYSTAM
570;DEBIMETRE CRAYON - 0 L A 15 L;TRP-15LM;1091;L3 MEDICAL
571;DEBIMETRE CRAYON - 0 L A 8 L;TRP-8LM;1092;L3 MEDICAL
572;DETECTEUR DE FUITE 400 ML WURTH;089020;1703;WURTH
573;DETERGENT DESINFECTANT SANITAIRES 750 ML;1763515;1189;DMD ANIOS LABORATOIRES
574;DETERGENT DESINFECTANT SANITAIRES 750 ML;1763515;1189;DMD ANIOS LABORATOIRES
575;DETERGENT DESINFECTANT SURFACES HAUTES;842326;1190;DMD ANIOS LABORATOIRES
576;DETERGENT DESINFECTANT SURFACES HAUTES;842326;1190;DMD ANIOS LABORATOIRES
577;DIAPHRAGME VALVE D'EXPIRATION BREAS;002178;126;BREAS
578;DIFFUSEUR ACCUFUSER 100ML - 50ML /H;C0500M;815;WYM
579;DIFFUSEUR ACCUFUSER 240 ML - 5 ML/H;C0050L;816;WYM
580;DIFFUSEUR ACCUFUSER 250 ML - 100 ML/H;C1000L;817;WYM
581;DIFFUSEUR ACCUFUSER ABX 100 ML-100 ML/H;AB1000M;818;WYM
582;DIFFUSEUR ACCUFUSER ABX 100 ML-200 ML/H;AB2000M;819;WYM
583;DIFFUSEUR ACCUFUSER ABX 250 ML-10 ML/H;CT0100L;820;WYM
584;DIFFUSEUR ACCUFUSER ABX 250 ML-250 ML/H;AB2500L;821;WYM FRANCE
585;DIFFUSEUR PORTABLE DOSI FUSER 150ML 12H;201559;2418;ASEPT INMED
586;DISPOSITIF POUR LE RECUEIL DES SAIGNEES;L99275;838;LABODIAL
587;DOSIFLOW 30 REGULATEUR DE DEBIT;200099;839;ASEPT INMED
588;DOUBLE SONDE DE TEMPERATURE POUR HC 550 / MR 810;900MR869;1151;FISHER PAYKEL
589;EASYCARE POUR EFLOW;78G6100;457;PULMOMED
590;ELECTRODE BLUE SENSOR N A PRESSION;N-00-S/25;1093;PACTRONIC
591;ELECTRODE DOREE POUR EEG 60 CM;TBOR.FD;1094;PACTRONIC
592;ELECTRODES JETABLE PLM ET ECG;SEN012;2072;SEFAM
593;ELECTRODES STIMEX carré 50 x 50 mm (4/sachet);281006/I;2276;SCHWA MEDICAL
594;EMBOUT BUCCAL COUDE 22 MM - FC 06566;FC06566;131;RESPIRONICS
595;EMBOUT BUCCAL DIRESCO EN PVC  - ID = 22;55900;132;DIRESCO
596;EMBOUT BUCCAL HUDSON;41565;459;TELEFLEX
597;EMBOUT BUCCAL PARIBOY;022E3050;1593;PULMOMED
598;EMBOUT BUCCAL PERCUSSIONAIRE / IMP 2;002600;133;I.M.A.PE
599;EMBOUT BUCCAL SYST'AM;2344;460;SYSTAM
600;EMBOUT COMMANDE VALVE EXPIRATOIRE EOLE 3;EMB004150;134;RESMED
601;EMBOUT REUTILISABLE ADULTE POUR SPIROTEL;910305;1095;LAMIRAU
602;ENDOTEST;112700-000000;2205;TELEFLEX
603;ENSEMBLE DE FILTRES BIPAP VISION;582101;2255;RESPIRONICS
604;ETIQUETTE AMERICAINE 120*57 PAR 1000;603966;1881;CENPAC
605;ETUI AVEC CLIP ROTATIF PLASTIQUE PARADIGM 3ML;MMT-642;935;MEDTRONIC
606;ETUI CLIP ROTATIF PLASTIQUE GRIS PARADIGM 1.8ML;MMT-612 CL;2158;MEDTRONIC
607;ETUI CLIP ROTATIF PLASTIQUE NOIR PARADIGM 1.8ML;MMT-612;2331;MEDTRONIC
608;ETUI CUIR HOMME;ACC-803BK;2198;MEDTRONIC
609;ETUI DE PROTECTION COQUE;04545443001;940;ROCHE DIABETE FRANCE
610;ETUI DE PROTECTION EN ALCANTARA BLANC;05062004001;941;ROCHE DIABETE FRANCE
611;ETUI DE PROTECTION EN ALCANTARA NOIR;04545397001;942;ROCHE DIABETE FRANCE
612;ETUI DE PROTECTION EN CUIR NOIR (CLIP);04545435001;943;ROCHE DIABETE FRANCE
613;ETUI DE PROTECTION EN CUIR NOIR CEINTURE;04545427001;944;ROCHE DIABETE FRANCE
614;ETUI DE PROTECTION EN NEOPRENE BLANC;05061997001;945;ROCHE DIABETE FRANCE
615;ETUI DE PROTECTION EN NEOPRENE NOIR;04545362001;946;ROCHE DIABETE FRANCE
616;ETUI DE PROTECTION EN NYLON NOIR;04545478001;947;ROCHE DIABETE FRANCE
617;ETUI DE PROTECTION SOUPLE NOIR;100-185-02;2197;ANIMAS
618;ETUI EN CUIR NOIR POUR IR 2020;100-276-00;948;ANIMAS
619;ETUI JAMBE BLANC LEG THING;10003101;2086;ANIMAS
620;ETUI JAMBE NOIR LEG THING;10003100;2113;ANIMAS
621;ETUI NOIR ET CLIP POUR PARADIGM 1.8 ML;MMT-644BL;950;MEDTRONIC
622;ETUI NOIR ET CLIP POUR PARADIGM 3ML;ACC-744 BL;951;MEDTRONIC
623;ETUI POUR CUISSE NOIR - TAILLE S;0585330001;952;ROCHE DIABETE FRANCE
624;ETUI POUR SOMNOCHECK EFFORT;WM94052;1096;LOWENSTEIN MEDICAL
625;ETUI SKIN NOIR;05353777001;954;ROCHE DIABETE FRANCE
626;ETUI SOUPLE POUR POMPE COZMO;21-1789-24;840;SMITHS MEDICAL
627;ETUI SOUTIEN-GORGE BEIGE POUR PPARADIGM;ACC-270BE;957;MEDTRONIC
628;ETUI SOUTIEN-GORGE NOIR POUR PARADIGM;ACC-270BK;958;MEDTRONIC
629;ETUI SPORT GRIS PARADIGM;ACC-300GY;955;MEDTRONIC
630;ETUI SPORT NOIR POUR ANIMAS;100-025-00;959;ANIMAS
631;ETUI SPORT ROSE PARADIGM;ACC-300PINK;956;MEDTRONIC
632;FILET DE PROTECTION POUR FREELOX 32 L;NH104530-1;558;CRYOPAL
633;FILET DE PROTECTION POUR FREELOX 44 L;NH104530-2;559;CRYOPAL
634;FILET TUBULAIRE ELASTIQUE TAILLE 1 - ROULEAU 25 M;31231;1097;LOHMANN MEDICAL
635;FILET TUBULAIRE ELASTIQUE TAILLE 2 -  ROULEAU 25 M;31232;1098;LOHMANN MEDICAL
636;FILET TUBULAIRE ELASTIQUE TAILLE 3 - ROULEAU 25 M;31233;1099;LOHMANN MEDICAL
637;FILET TUBULAIRE ELASTIQUE TAILLE 5 - ROULEAU 25 M;31235;1100;LOHMANN MEDICAL
638;FILET TUBULAIRE ELASTIQUE TAILLE 6 - ROULEAU 25 M;31236;1101;LOHMANN MEDICAL
639;FILET TUBULAIRE SURGAFIX MAIN BRAS N°4;135404;2371;PARAMAT
640;FILM ETIRABLE;409615;2057;CENPAC
641;FILTRE BACTERIEN CLEAR-GUARD III;1544007;136;INTERSURGICAL
642;FILTRE BACTERIEN DE SORTIE CONCENTRATEUR;520;561;RESPIRONICS
643;FILTRE BACTERIEN FAIBLE RESISTANCE;342077;2256;RESPIRONICS
644;FILTRE BACTERIEN HYDROBAC S;352-5877;1152;COVIDIEN MEDTRONIC
645;FILTRE BACTERIEN POUR ACCUVAC;WM10675;500;LOWENSTEIN MEDICAL
646;FILTRE BACTERIEN POUR ACCUVAC LITE;WM11659;2389;LOWENSTEIN MEDICAL
647;FILTRE BACTERIEN POUR CLEARWAY;0960.107;137;L3 MEDICAL
648;FILTRE BACTERIEN POUR OXYMAT;WM13190;562;LOWENSTEIN MEDICAL
649;FILTRE BACTERIEN POUR TRILOGY;342077;138;RESPIRONICS
650;FILTRE BACTERIEN POUR V7 PLUS B;3320534;139;L3 MEDICAL
651;FILTRE BACTERIEN POUR VACU AIDE;7305D-608;501;DEVILLBISS HEALTHCARE SAS
652;FILTRE BACTERIEN SYST'AM;C5101;461;SYSTAM
653;FILTRE D ENTREE D AIR POUR PB 560;10028771;2122;COVIDIEN MEDTRONIC
654;FILTRE DE SORTIE INOGEN ON G2/G3;S3231006;2348;SCALEO
655;FILTRE FIN POUR DREAMSTATION;1122519;2301;RESPIRONICS
656;FILTRE FIN POUR ISLEEP;004153;141;BREAS
657;FILTRE FIN POUR M SERIES / PRI;1029331;142;RESPIRONICS
658;FILTRE FIN POUR REMSTAR PRO;1005945;143;RESPIRONICS
659;FILTRE FIN POUR SOMNOBALANCE E;WM24478;502;LOWENSTEIN MEDICAL
660;FILTRE FIN POUR SOMNOCOMFORT;WM24096;503;LOWENSTEIN MEDICAL
661;FILTRE FIN POUR SOMNOSMART;WM24000;2163;LOWENSTEIN MEDICAL
662;FILTRE FIN POUR VIVO 40;003527;144;BREAS
663;FILTRE FIN POUR VIVO 50;004910;145;BREAS
664;FILTRE HYGROBOY;355/5430;2430;COVIDIEN MEDTRONIC
665;FILTRE HYGROSTER - 354 / 5876;354/5876;1153;COVIDIEN MEDTRONIC
666;FILTRE LONGUE DUREE POUR 525KS;MC44D-605;1597;DEVILLBISS HEALTHCARE SAS
667;FILTRE POUR VALVE FOGLESS;740;1297;TELEFLEX
668;FILTRE POUSSIERE POUR 525 KS;303DZ605;1595;DEVILLBISS HEALTHCARE SAS
669;FILTRE POUSSIERE POUR ALPHA 200 C;KY513800;146;AIR LIQUIDE
670;FILTRE POUSSIERE POUR AUTOSET SPIRIT 8;33918;148;RESMED
671;FILTRE POUSSIERE POUR CLEARWAY;0960.116;149;L3 MEDICAL
672;FILTRE POUSSIERE POUR DP 10 / LS 2000;3406;462;SYSTAM
673;FILTRE POUSSIERE POUR DREAMSTAR;M-314850-08;1600;SEFAM
674;FILTRE POUSSIERE POUR DREAMSTATION;1122446;2279;RESPIRONICS
675;FILTRE POUSSIERE POUR ECLIPSE SEQUAL;F55001;570;L3 MEDICAL
676;FILTRE POUSSIERE POUR EOLE 3XL / XLS;FIL006727;150;RESMED
677;FILTRE POUSSIERE POUR EVERGO;900-150;151;RESPIRONICS
678;FILTRE POUSSIERE POUR GOODKNIGHT 420;TCF-276;152;L3 MEDICAL
679;FILTRE POUSSIERE POUR ICON;900ICON503;153;FISHER PAYKEL
680;FILTRE POUSSIERE POUR IMP 2 (PPI 20);002465;154;BREAS
681;FILTRE POUSSIERE POUR INNOSPIRE;1113525;2121;TELEFLEX
682;FILTRE POUSSIERE POUR INTEGRA 10;SP2673;571;L3 MEDICAL
683;FILTRE POUSSIERE POUR ISLEEP;004154;155;BREAS
684;FILTRE POUSSIERE POUR LEGENDAIR SMARTAIR;2963399;156;COVIDIEN MEDTRONIC
685;FILTRE POUSSIERE POUR M SERIES / PRI / TRILOGY;1029330;157;RESPIRONICS
686;FILTRE POUSSIERE POUR OXY 6000;OXY6000;1657;PULMOMED
687;FILTRE POUSSIERE POUR OXYMAT;WM13631;504;LOWENSTEIN MEDICAL
688;FILTRE POUSSIERE POUR PARIBOY;41E4852;463;PULMOMED
689;FILTRE POUSSIERE POUR PLATINIUM 9;1107412;2095;INVACARE POIRIER
690;FILTRE POUSSIERE POUR PORTANEB;2155;464;TELEFLEX
691;FILTRE POUSSIERE POUR PRISMA;WM39928;1596;LOWENSTEIN MEDICAL
692;FILTRE POUSSIERE POUR PULMO AIDE;5650D.601;465;DEVILLBISS HEALTHCARE SAS
693;FILTRE POUSSIERE POUR REMSTAR PRO;1005964;158;RESPIRONICS
694;FILTRE POUSSIERE POUR S9/S10;36853;159;RESMED
695;FILTRE POUSSIERE POUR SLEEPSTYLE 600;900HC240;160;FISHER PAYKEL
696;FILTRE POUSSIERE POUR SOLAIRIS;7270/121;572;L3 MEDICAL
697;FILTRE POUSSIERE POUR SOLO 2;1165095;573;INVACARE POIRIER
698;FILTRE POUSSIERE POUR SOMNOBALANCE E;WM24481;505;LOWENSTEIN MEDICAL
699;FILTRE POUSSIERE POUR SOMNOCOMFORT;WM24097;506;LOWENSTEIN MEDICAL
700;FILTRE POUSSIERE POUR SOMNOSMART;WM23540;1594;LOWENSTEIN MEDICAL
701;FILTRE POUSSIERE POUR STELLAR;24934;161;RESMED
702;FILTRE POUSSIERE POUR SULLIVAN 6;21936;1659;RESMED
703;FILTRE POUSSIERE POUR SULLIVAN V;21935;1658;RESMED
704;FILTRE POUSSIERE POUR VIVO 40;003526;162;BREAS
705;FILTRE POUSSIERE POUR VIVO 50;004909;163;BREAS
706;FILTRE POUSSIERE POUR VS / ELISEE;MOU010645;164;RESMED
707;FILTRE POUSSIERE POUR VSIII;MOU015133;165;RESMED
708;FILTRES DIFFUSEUR POUR MASQUE ESON SACHET DE 10;400HC228;1874;FISHER PAYKEL
709;FIXATION DE CATHETER PICC;5804.09;1599;VYGON
710;FIXATION POUR HUMIDIFICATEUR FISHER & PAYKEL;900MR170;1154;FISHER PAYKEL
711;FLACON GEL CONTACT;603210;2229;RADIOMETER SAS RESPIRONICS
712;FORTIMEL EXTRA CHOCOLAT. 200 ML;84489;669;NUTRICIA
713;FORTIMEL EXTRA MOKA. 200 ML;84490;2340;NUTRICIA
714;FORTIMEL JUCY FRAISE 200 ML;82124;1461;NUTRICIA
715;FORTIMEL JUCY ORANGE 200 ML;82122;260;NUTRICIA
716;FORTIMEL JUCY POMME 200 ML;82121;673;NUTRICIA
717;FOSSET POLYAMIDE;EO4410;841;COL
718;FOSSET POUR SONDE - 478.00;47800;676;VYGON
719;FRESUBIN 2 KCAL DRINK PECHE ABRICOT;7101621;679;FRESENIUS KABI
720;FRESUBIN ENERGY - 500 ML;7368221;682;FRESENIUS KABI
721;FRESUBIN HP ENERGY - 1 000 ML;7006231;683;FRESENIUS KABI
722;FRESUBIN HP ENERGY - 500ML;7006221;684;FRESENIUS KABI
723;FRESUBIN JUCY DRINK ANANAS;7179621;1718;FRESENIUS KABI
724;FRESUBIN JUCY DRINK ORANGE;7178621;1888;FRESENIUS KABI
725;FRESUBIN MEGAREAL - 1 000 ML;7013231;685;FRESENIUS KABI
726;FRESUBIN MEGAREAL 500ML;7613221;1911;FRESENIUS KABI
727;FRESUBIN MEGAREAL FIBRE - 1 000 ML;7014231;2339;FRESENIUS KABI
728;FRESUBIN ORIGINAL - 1 000 ML;7577231;686;FRESENIUS KABI
729;FRESUBIN ORIGINAL - 500 ML;7577221;687;FRESENIUS KABI
730;FRESUBIN ORIGINAL FIBRES - 1 000 ML;7527231;688;FRESENIUS KABI
731;FRESUBIN ORIGINAL FIBRES - 500 ML;7527221;689;FRESENIUS KABI
732;GANT D EXAMEN NON POUDRE TAILLE 7/8;107116;2222;PARAMAT
733;GANT D EXAMEN NON POUDRE TAILLE 8/9;107117;2223;PARAMAT
734;GANT STERILE TAILLE 6-7;127126;2194;PARAMAT
735;GANT STERILE TAILLE 8-9;127128;1316;PARAMAT
736;GANT STERILE TAILLE M;127127;1315;PARAMAT
737;GOUPILLON 10 MM;LAR253;1298;POURET MEDICAL
738;GOUPILLON 20 CM;LAR940A;1602;POURET MEDICAL
739;GRIP LOC;5804.15;690;VYGON
740;HARNAIS ADAM;133314700;1603;SEFAM
741;HARNAIS ADULTE POUR POMPE PARADIGM;ACC-124BL;1660;MEDTRONIC
742;HARNAIS AIRFIT P10 ROSE;62936;2289;RESMED
743;HARNAIS ENFANT AJUSTABLE MEDTRONIC;ACC-845;1661;MEDTRONIC
744;HARNAIS ESON TAILLE ML;400HC568;1753;FISHER PAYKEL
745;HARNAIS ESON TAILLE S;400HC567;1766;FISHER PAYKEL
746;HARNAIS FITLIFE TAILLE S;1060807;166;RESPIRONICS
747;HARNAIS JOYCESTRAP;WM26290;167;LOWENSTEIN MEDICAL
748;HARNAIS LIBERTY TAILLE STANDARD;61349;169;RESMED
749;HARNAIS MASQUE HC 407;400HC301;170;FISHER PAYKEL
750;HARNAIS MASQUE HC 431;400HC302;1604;FISHER PAYKEL
751;HARNAIS MIRAGE/ULTRA MIRAGE MASQUE NASAL;16733;171;RESMED
752;HARNAIS NEOPRENE PEDIATRIQUE  MASQUE ANESTHESIE;8740008;2209;INTERSURGICAL
753;HARNAIS QUATTRO FX TAILLE L;61738;172;RESMED
754;HARNAIS QUATTRO FX TAILLE M;61733;173;RESMED
755;HARNAIS QUATTRO FX TAILLE S;61734;174;RESMED
756;HARNAIS QUATTRO TAILLE L;16119;175;RESMED
757;HARNAIS QUATTRO TAILLE M;16117;176;RESMED
758;HARNAIS QUATTRO TAILLE S;16118;177;RESMED
759;HARNAIS RESPIRONICS - 103 16 06;1031606;178;RESPIRONICS
760;HARNAIS SIMPLUS TAILLE ML;400HC583;1754;FISHER PAYKEL
761;HARNAIS SIMPLUS TAILLE S;400HC582;1755;FISHER PAYKEL
762;HARNAIS TAILLE STANDARD FACIAL ET NASAL;KM224000;2392;AIR LIQUIDE
763;HARNAIS ULTRA MIRAGE TAILLE UNIQUE;60917;179;RESMED
764;HARNAIS ZEST Q;400HC314;1675;FISHER PAYKEL
765;HEXANIOS G + R (DOSE DE 25 ML);165136;1191;DMD ANIOS LABORATOIRES
766;HUMIDIFICATEUR AQUAPAK PRE REMPLI + RACCORD;2221;1156;COVIDIEN MEDTRONIC
767;HUMIDIFICATEUR BARBOTEUR HUDSON;3230;1157;TELEFLEX
768;HUMIDIFICATEUR BARBOTEUR NEBAL II  9/16;KP070100;1158;AIR LIQUIDE
769;INFATRINI BOUTEILLE DE 200 ML;81698;691;NUTRICIA
770;INSTRUMENT DE MESURE DE LA STOMIE;200452;2437;ASEPT INMED
771;INSUFFLATEUR ADULTE  AVEC MASQUE;325011000;2361;AMBU
772;INSUFFLATEUR ADULTE AVEC MASQUES ET RESERVOIR OXYG;87005140;181;AMBU
773;INSUFFLATEUR ADULTE SANS MASQUE SANS RESERVOIR;87005040;182;AMBU
774;INSUFFLATEUR PEDIATRIQUE;29900500;2360;AMBU
775;INSUFFLATEUR PEDIATRIQUE AVEC RESERVOIR;29900900;1605;AMBU
776;JOINT D'ETANCHEITE POUR BOCAL ACCUVAC;WM10635;508;LOWENSTEIN MEDICAL
777;JOINT D'ETANCHEITE POUR BOCAL ACCUVAC LITE;WM11663;2388;LOWENSTEIN MEDICAL
778;JOINT OLIVE POUR MANOMETRE PEDIATRIQUE;11574;2440;SUD OUEST HOSPITALIER
779;KIT ALARME DEPORTEE;KIT015424;1606;RESMED
780;KIT ANNUEL LC SPRINT SINUS;23G2860;466;PULMOMED
781;KIT COMPLET POWER PACK BLEU;4098100-MP2;185;COVIDIEN MEDTRONIC
782;KIT COUPE-FEU POUR SOLO2;1182068;578;INVACARE POIRIER
783;KIT DE CONVERSION POUR SACHETS ACCUVAC;WM15930;509;LOWENSTEIN MEDICAL
784;KIT DE CONVERSION SACHET ACCUVAC LITE;WM17825;2365;LOWENSTEIN MEDICAL
785;KIT DE MAINTENANCE POUR INOGEN (CLE + 10 FILTRES);S32231026;2292;SCALEO
786;KIT DE NEBULISATION POUR LS 2000;2301;1777;SYSTAM
787;KIT DE RECERTIFICATION POUR K JOEY;776150;1103;COVIDIEN MEDTRONIC
788;KIT FILTRE D ENTREE POUR ASTRAL;27939;2083;RESMED
789;KIT MAINTENANCE ANNUEL ALPHA 300;KY714400;2384;AIR LIQUIDE
790;KIT POUR MASQUE NASAL ZEST Q;400440;190;FISHER PAYKEL
791;KIT SPO2 VIVO 50 AVEC CAPTEUR DE DOIGT;005067;2090;BREAS
792;KIT TUYAU + FILTRE + RACCORD VACU AIDE;7305D-603;510;DEVILLBISS HEALTHCARE SAS
793;LECTEUR DE CARTE FLASH SC20 / VIVO / ISL;002185;192;BREAS
794;LECTEUR DE CARTE PCMCIA;1014353;193;RESPIRONICS
795;LECTEUR DE CARTE USB - RESPIRONICS;1014352;194;RESPIRONICS
796;LECTEUR RESCAN DATA CARD;22207;195;RESMED
797;LIEN DE CANULE ADHESIA;TRAC;2344;ADHESIA
798;LIEN DE CANULE COULEUR BLEUE;321-05;1302;COVIDIEN MEDTRONIC
799;LIEN DE CANULE PETIT MODELE MALLINCKRODT -321 01;321-01;1299;COVIDIEN MEDTRONIC
800;LIEN DE CANULE POURET;LAR903F;1607;POURET MEDICAL
801;LIEN DE CANULE TRACHEOFLEX 3 A 6 MM;508000;1300;TELEFLEX
802;LIEN DE CANULE TRACHEOFLEX 7 A 11 MM;508001;1301;TELEFLEX
803;LIEN DE CANULE TRACHEOFLEX PEDIATRIQUE;507800;1303;TELEFLEX
804;LIEN DE FIXATION POUR CANULE 355MM;40-0005-011;2085;VBM
805;LIVRET PATIENT;LIV;2438;
806;LOGICIEL D'OBSERVANCE HC 221 MAXIMIZER;900HC230;1106;FISHER PAYKEL
807;LOGICIEL POUR TOSCA 500;DOWNLOAD;1107;RADIOMETER SAS RESPIRONICS
808;LUNETTE A OXYGENE - LOC 28 MAS;LOC28MAS;583;TELEFLEX
809;LUNETTE A OXYGENE DOUBLE LUMIERE (1.2M);4805;2295;SYSTAM
810;LUNETTE A OXYGENE DOUBLE LUMIERE (2.1 M);TRP-105;1108;L3 MEDICAL
811;LUNETTE A OXYGENE EMBOUTS COURBES INTERSURGICAL;1165;586;INTERSURGICAL
812;LUNETTE A OXYGENE EMBOUTS DROITS NTERSURGICAL;1161;585;INTERSURGICAL
813;LUNETTE A OXYGENE EMBOUTS EVASES HUDSON;1104;584;TELEFLEX
814;LUNETTE A OXYGENE SALTER LABS ENFANT > 10 ANS;CS1602;587;SYSTAM
815;LUNETTE A OXYGENE SALTER LABS FAIBLE DEBIT ADULTE;CS1616;588;SYSTAM
816;LUNETTE A OXYGENE SALTER LABS NOURRISSON;CS1615;589;SYSTAM
817;LUNETTE A OXYGENE SALTER LABS PEDIATRIQUE;CS1601;1852;SYSTAM
818;LUNETTE A OXYGENE SALTER LABS STANDARD ADULTE;CS1600;590;SYSTAM
819;LUNETTE A OXYGENE UNO BLANCHE;29028490;591;AMBU
820;LUNETTE A OXYGENE UNO VERTE;29001490;1608;AMBU
821;LUNETTE NASALE POUR SOMNOCHECK;WM94043;1109;LOWENSTEIN MEDICAL
822;MALETTE DE TRANSPORT POUR VIVO 50;004938;417;BREAS
823;MANOMETRE TESTO 510;114-168;1905;RS
824;MANUEL POMPE AC INSIGHT;06651895001;2403;ROCHE DIABETE FRANCE
825;MANUEL TELECOMMANDE PERFORMA INSIGHT;07062117001;2404;ROCHE DIABETE FRANCE
826;MANUEL UTILISATION SYSTEME INSIGHT;07030428001;2405;ROCHE DIABETE FRANCE
827;MANUGEL (FLACON DE 75 ML);1048274;1192;DMD ANIOS LABORATOIRES
828;MASQUE A FUITE FITLIFE TAILLE L;1060804;197;RESPIRONICS
829;MASQUE A FUITE FITLIFE TAILLE S;1060803;198;RESPIRONICS
830;MASQUE A FUITE FITLIFE TAILLE S;1060803;2096;RESPIRONICS
831;MASQUE A FUITE FITLIFE TAILLE XL;1089994;199;RESPIRONICS
832;MASQUE A OXYGENE ADULTE;1136000;592;INTERSURGICAL
833;MASQUE A OXYGENE ADULTE HAUTE CONCENTRATION;1181;593;INTERSURGICAL
834;MASQUE A OXYGENE PEDIATRIQUE;1190;594;INTERSURGICAL
835;MASQUE A OXYGENE PEDIATRIQUE HAUTE CONCENTRATION;1192;595;INTERSURGICAL
836;MASQUE A OXYGENE SANS PINCE NEZ;1135015;2445;INTERSURGICAL
837;MASQUE AEROSOL ADULTE SMARTMASK;41G0730;468;PULMOMED
838;MASQUE AEROSOL ENFANT PARI;41G0741;469;PULMOMED
839;MASQUE AEROSOL HUDSON ADULTE;1083;470;TELEFLEX
840;MASQUE AEROSOL HUDSON PEDIATRIQUE;41085;471;TELEFLEX
841;MASQUE BUCCAL ORACLE 2 NIV ET PPC;HC452NIV;200;FISHER PAYKEL
842;MASQUE D'ANESTHESIE TAILLE L POUR CLEARWAY;1516000;2354;INTERSURGICAL
843;MASQUE D'ANESTHESIE TAILLE M POUR CLEARWAY;1515000;1609;INTERSURGICAL
844;MASQUE D'ANESTHESIE TAILLE S POUR CLEARWAY;1514000;350;INTERSURGICAL
845;MASQUE DREAMWEAR FITPACK AVEC CONDUIT M;1116700;2387;RESPIRONICS
846;MASQUE FACIAL A FUITE  QUATTRO AIR TAILLE L;62707;2261;RESMED
847;MASQUE FACIAL A FUITE  QUATTRO AIR TAILLE M;62706;1679;RESMED
848;MASQUE FACIAL A FUITE  QUATTRO AIR TAILLE S;62705;2202;RESMED
849;MASQUE FACIAL A FUITE AIRFIT F10 TAILLE L;63107;1682;RESMED
850;MASQUE FACIAL A FUITE AIRFIT F10 TAILLE M;63106;1681;RESMED
851;MASQUE FACIAL A FUITE AIRFIT F10 TAILLE S;63105;1680;RESMED
852;MASQUE FACIAL A FUITE AMARA GEL TAILLE L;1090426;2356;RESPIRONICS
853;MASQUE FACIAL A FUITE AMARA VIEW TAILLE L;1090604;2342;RESPIRONICS
854;MASQUE FACIAL A FUITE AMARA VIEW TAILLE M;1090603;2290;RESPIRONICS
855;MASQUE FACIAL A FUITE AMARA VIEW TAILLE S;1090602;2343;RESPIRONICS
856;MASQUE FACIAL A FUITE COMFORTFULL - L;1004951;201;RESPIRONICS
857;MASQUE FACIAL A FUITE COMFORTFULL - M;1004873;202;RESPIRONICS
858;MASQUE FACIAL A FUITE COMFORTFULL - S;1004881;203;RESPIRONICS
859;MASQUE FACIAL A FUITE COMFORTGEL FULL-XL;1081823;207;RESPIRONICS
860;MASQUE FACIAL A FUITE COMFORTGEL FULL -L;1081822;204;RESPIRONICS
861;MASQUE FACIAL A FUITE COMFORTGEL FULL -M;1081821;205;RESPIRONICS
862;MASQUE FACIAL A FUITE COMFORTGEL FULL -S;1081820;206;RESPIRONICS
863;MASQUE FACIAL A FUITE FLEXIFIT HC431U;HC431U;208;FISHER PAYKEL
864;MASQUE FACIAL A FUITE HC 432;HC432U;209;FISHER PAYKEL
865;MASQUE FACIAL A FUITE JOYCE - L;WM26430;210;LOWENSTEIN MEDICAL
866;MASQUE FACIAL A FUITE JOYCE - M;WM26420;211;LOWENSTEIN MEDICAL
867;MASQUE FACIAL A FUITE JOYCE - S;WM26410;212;LOWENSTEIN MEDICAL
868;MASQUE FACIAL A FUITE JOYCE - XL;WM26440;213;LOWENSTEIN MEDICAL
869;MASQUE FACIAL A FUITE JOYCE GEL - L;WM26432;214;LOWENSTEIN MEDICAL
870;MASQUE FACIAL A FUITE JOYCE GEL - M;WM26422;215;LOWENSTEIN MEDICAL
871;MASQUE FACIAL A FUITE JOYCE GEL - S;WM26412;216;LOWENSTEIN MEDICAL
872;MASQUE FACIAL A FUITE JOYCE PLUS - L;WM26433;217;LOWENSTEIN MEDICAL
873;MASQUE FACIAL A FUITE JOYCE PLUS - XL;WM26443;218;LOWENSTEIN MEDICAL
874;MASQUE FACIAL A FUITE MIRAGE LIBERTY - L;61307;219;RESMED
875;MASQUE FACIAL A FUITE MIRAGE LIBERTY - S;61306;220;RESMED
876;MASQUE FACIAL A FUITE MIRAGE QUATTRO - L;61223;221;RESMED
877;MASQUE FACIAL A FUITE MIRAGE QUATTRO - M;61222;222;RESMED
878;MASQUE FACIAL A FUITE MIRAGE QUATTRO - S;61221;223;RESMED
879;MASQUE FACIAL A FUITE MIRAGE QUATTRO - XS;61220;224;RESMED
880;MASQUE FACIAL A FUITE QUATTRO FX - L;61705;225;RESMED
881;MASQUE FACIAL A FUITE QUATTRO FX - M;61704;226;RESMED
882;MASQUE FACIAL A FUITE QUATTRO FX - S;61703;227;RESMED
883;MASQUE FACIAL A FUITE SIMPLUS 2 BULLES L;KIT400481;1612;FISHER PAYKEL
884;MASQUE FACIAL A FUITE SIMPLUS 2 BULLES M;KIT400480;1611;FISHER PAYKEL
885;MASQUE FACIAL A FUITE SIMPLUS 2 BULLES S;KIT400479;1610;FISHER PAYKEL
886;MASQUE FACIAL A FUITE SIMPLUS BULLE M / BULLE L;400478;1613;FISHER PAYKEL
887;MASQUE FACIAL A FUITE SIMPLUS TAILLE L;SIMPLUS L;1775;FISHER PAYKEL
888;MASQUE FACIAL A FUITE SIMPLUS TAILLE M;SIMPLUS M;1774;FISHER PAYKEL
889;MASQUE FACIAL A FUITE SIMPLUS TAILLE S;SIMPLUS S;1773;FISHER PAYKEL
890;MASQUE FACIAL A FUITE SLEEPWEAVER TAILLE L;100965;2358;L3 MEDICAL
891;MASQUE FACIAL A FUITE SLEEPWEAVER TAILLE M;100960;1890;L3 MEDICAL
892;MASQUE FACIAL A FUITE SLEEPWEAVER TAILLE S;100955;1918;L3 MEDICAL
893;MASQUE FACIAL A FUITE ULTRA MIRAGE - L;60694;228;RESMED
894;MASQUE FACIAL A FUITE ULTRA MIRAGE - LSH;60695;229;RESMED
895;MASQUE FACIAL A FUITE ULTRA MIRAGE - M;60692;230;RESMED
896;MASQUE FACIAL A FUITE ULTRA MIRAGE - MSH;60693;231;RESMED
897;MASQUE FACIAL A FUITE ULTRA MIRAGE - S;60690;232;RESMED
898;MASQUE FACIAL A FUITE ULTRA MIRAGE - SSH;60691;233;RESMED
899;MASQUE FACIAL A FUITE VERASEAL TAILLE L;005564;234;BREAS
900;MASQUE FACIAL A FUITE VERASEAL TAILLE M;005563;235;BREAS
901;MASQUE FACIAL A FUITE VERASEAL TAILLE S;005562;236;BREAS
902;MASQUE FACIAL FLEXIFIT HC 431;HC431NIV;237;FISHER PAYKEL
903;MASQUE FACIAL FORMA - TAILLE L;400472NIV;238;FISHER PAYKEL
904;MASQUE FACIAL FORMA - TAILLE M;400474NIV;239;FISHER PAYKEL
905;MASQUE FACIAL FORMA - TAILLE S;400470NIV;240;FISHER PAYKEL
906;MASQUE FACIAL FORMA - TAILLE XL;400473U;241;FISHER PAYKEL
907;MASQUE FACIAL INTEGRAL TOTALFACE;302433;242;RESPIRONICS
908;MASQUE FACIAL MOJO;50836;1662;L3 MEDICAL
909;MASQUE FACIAL SANS FUITE  QUATTRO AIR TAILLE L;62785;2352;RESMED
910;MASQUE FACIAL SANS FUITE  QUATTRO AIR TAILLE S;62783;2353;RESMED
911;MASQUE FACIAL SANS FUITE COMFORTFULLSE L;1024262;243;RESPIRONICS
912;MASQUE FACIAL SANS FUITE COMFORTFULLSE M;1024261;244;RESPIRONICS
913;MASQUE FACIAL SANS FUITE COMFORTFULLSE S;1023747;245;RESPIRONICS
914;MASQUE FACIAL SANS FUITE JOYCE TAILLE L;WM26481;1848;LOWENSTEIN MEDICAL
915;MASQUE FACIAL SANS FUITE JOYCE TAILLE M;WM26471;1849;LOWENSTEIN MEDICAL
916;MASQUE FACIAL SANS FUITE QUATTRO FX - L;61744;246;RESMED
917;MASQUE FACIAL SANS FUITE QUATTRO FX - M;61743;247;RESMED
918;MASQUE FACIAL SANS FUITE QUATTRO FX - S;61742;248;RESMED
919;MASQUE FACIAL SANS FUITE ULTRA MIRAGE L;60647;249;RESMED
920;MASQUE FACIAL SANS FUITE ULTRA MIRAGE LS;60646;250;RESMED
921;MASQUE FACIAL SANS FUITE ULTRA MIRAGE M;60645;251;RESMED
922;MASQUE FACIAL SANS FUITE ULTRA MIRAGE MS;60644;252;RESMED
923;MASQUE FACIAL SANS FUITE ULTRA MIRAGE S;60643;253;RESMED
924;MASQUE FACIAL SANS FUITE ULTRA MIRAGE SS;60642;254;RESMED
925;MASQUE FACIAL VYGON TAILLE 5;5557.55;255;VYGON
926;MASQUE FACIAL VYGON TAILLE 6;5557.65;256;VYGON
927;MASQUE LAERDAL ADULTE N° 4 / 5 +;870220;257;LAERDAL MEDICAL
928;MASQUE LAERDAL ENFANT N° 3 / 4;860220;258;LAERDAL MEDICAL
929;MASQUE LAERDAL NOUVEAU-NE N° 0 / 0;851500;259;LAERDAL MEDICAL
930;MASQUE LAERDAL NOUVEAU-NE N° 0 / 1;851600;261;LAERDAL MEDICAL
931;MASQUE LAERDAL NOUVEAU-NE N° 2;851700;262;LAERDAL MEDICAL
932;MASQUE NARINAIRE OPUS;HC482;263;FISHER PAYKEL
933;MASQUE NASAL A FUITE ACCLAIM2;HC401;264;FISHER PAYKEL
934;MASQUE NASAL A FUITE AIRFIT N10 TAILLE SMALL;63227;1893;RESMED
935;MASQUE NASAL A FUITE AIRFIT N10 TAILLE STANDARD;63209;1628;RESMED
936;MASQUE NASAL A FUITE AIRFIT N10 TAILLE WIDE;63211;2258;RESMED
937;MASQUE NASAL A FUITE AIRFIT P10;62901;2383;RESMED
938;MASQUE NASAL A FUITE AIRFIT P10 FOR HER;62911;1683;RESMED
939;MASQUE NASAL A FUITE COMFORTCLASSIC - M;1007968;265;RESPIRONICS
940;MASQUE NASAL A FUITE COMFORTCLASSIC - S;1007967;266;RESPIRONICS
941;MASQUE NASAL A FUITE COMFORTFUSION - M;1042214;267;RESPIRONICS
942;MASQUE NASAL A FUITE COMFORTFUSION - S;1042213;268;RESPIRONICS
943;MASQUE NASAL A FUITE COMFORTFUSION FITPACK M/S;1040838;269;RESPIRONICS
944;MASQUE NASAL A FUITE COMFORTGEL BLUE - L;1070064;270;RESPIRONICS
945;MASQUE NASAL A FUITE COMFORTGEL BLUE - M;1070065;271;RESPIRONICS
946;MASQUE NASAL A FUITE COMFORTGEL BLUE - P;1070067;272;RESPIRONICS
947;MASQUE NASAL A FUITE COMFORTGEL BLUE - S;1070066;273;RESPIRONICS
948;MASQUE NASAL A FUITE COMFORTLITE II-1025171;1025171;274;RESPIRONICS
949;MASQUE NASAL A FUITE EASYLIFE - L;1050029;277;RESPIRONICS
950;MASQUE NASAL A FUITE EASYLIFE - M;1050027;278;RESPIRONICS
951;MASQUE NASAL A FUITE EASYLIFE - MW;1050028;279;RESPIRONICS
952;MASQUE NASAL A FUITE EASYLIFE - S;1050026;280;RESPIRONICS
953;MASQUE NASAL A FUITE EASYLIFE  - MW / L;1050089;275;RESPIRONICS
954;MASQUE NASAL A FUITE EASYLIFE  - S / M;1050088;276;RESPIRONICS
955;MASQUE NASAL A FUITE EASYLIFE 2  P;1050025;281;RESPIRONICS
956;MASQUE NASAL A FUITE ESON 2  BULLES L;KIT400455;282;FISHER PAYKEL
957;MASQUE NASAL A FUITE ESON 2 BULLES M;KIT400454;284;FISHER PAYKEL
958;MASQUE NASAL A FUITE ESON 2 BULLES S;KIT400453;285;FISHER PAYKEL
959;MASQUE NASAL A FUITE ESON BULLE M / BULLE L;400452;283;FISHER PAYKEL
960;MASQUE NASAL A FUITE ESON TAILLE L;ESON L;1770;FISHER PAYKEL
961;MASQUE NASAL A FUITE ESON TAILLE M;ESON M;1771;FISHER PAYKEL
962;MASQUE NASAL A FUITE ESON TAILLE S;ESON S;1772;FISHER PAYKEL
963;MASQUE NASAL A FUITE FLEXIFIT HC 405;HC405;286;FISHER PAYKEL
964;MASQUE NASAL A FUITE IQ ET HARNAIS;50250;287;L3 MEDICAL
965;MASQUE NASAL A FUITE IQ GEL;50655;1664;L3 MEDICAL
966;MASQUE NASAL A FUITE JOYCE - L;WM26130;288;LOWENSTEIN MEDICAL
967;MASQUE NASAL A FUITE JOYCE - M;WM26120;289;LOWENSTEIN MEDICAL
968;MASQUE NASAL A FUITE JOYCE - S;WM26110;290;LOWENSTEIN MEDICAL
969;MASQUE NASAL A FUITE JOYCE - XL;WM26140;291;LOWENSTEIN MEDICAL
970;MASQUE NASAL A FUITE JOYCE EASY - M;WM25520;1614;LOWENSTEIN MEDICAL
971;MASQUE NASAL A FUITE JOYCE EASY - S;WM25510;1615;LOWENSTEIN MEDICAL
972;MASQUE NASAL A FUITE JOYCE GEL - L;WM26132;292;LOWENSTEIN MEDICAL
973;MASQUE NASAL A FUITE JOYCE GEL - M;WM26122;293;LOWENSTEIN MEDICAL
974;MASQUE NASAL A FUITE JOYCE GEL - S;WM26112;294;LOWENSTEIN MEDICAL
975;MASQUE NASAL A FUITE JOYCE ONE;WM25290;2060;LOWENSTEIN MEDICAL
976;MASQUE NASAL A FUITE LE PETIT HC 406;HC406;295;FISHER PAYKEL
977;MASQUE NASAL A FUITE MIRAGE ACTIVA LT-  LW;60153;298;RESMED
978;MASQUE NASAL A FUITE MIRAGE ACTIVA LT - L;60152;296;RESMED
979;MASQUE NASAL A FUITE MIRAGE ACTIVA LT - M;60151;297;RESMED
980;MASQUE NASAL A FUITE MIRAGE FX STANDARD;62100;299;RESMED
981;MASQUE NASAL A FUITE MIRAGE MICRO - L;16997;301;RESMED
982;MASQUE NASAL A FUITE MIRAGE MICRO - LW;16998;302;RESMED
983;MASQUE NASAL A FUITE MIRAGE MICRO - M;16996;303;RESMED
984;MASQUE NASAL A FUITE MIRAGE MICRO - S;16353;304;RESMED
985;MASQUE NASAL A FUITE MIRAGE SWIFT BELLA;61561;305;RESMED
986;MASQUE NASAL A FUITE MIRAGE SWIFT BELLA GRAY;61569;1889;RESMED
987;MASQUE NASAL A FUITE MIRAGE SWIFT FX;61501;306;RESMED
988;MASQUE NASAL A FUITE MIRAGE SWIFT FX NANO;62202;2359;RESMED
989;MASQUE NASAL A FUITE MIRAGE SWIFT II;60518;307;RESMED
990;MASQUE NASAL A FUITE MIRAGE SWIFT LT;60561;308;RESMED
991;MASQUE NASAL A FUITE MIRAGE SWIFT LT - F;60589;309;RESMED
992;MASQUE NASAL A FUITE MIRAGE VISTA - DEEP;60028;310;RESMED
993;MASQUE NASAL A FUITE MIRAGE VISTA - S;60027;311;RESMED
994;MASQUE NASAL A FUITE PEDIATRIQUE PIXI;61031;312;RESMED
995;MASQUE NASAL A FUITE PILAIRO;400421U;313;FISHER PAYKEL
996;MASQUE NASAL A FUITE PROFILE LITE - L;1004118;2302;RESPIRONICS
997;MASQUE NASAL A FUITE PROFILE LITE - M;1004116;316;RESPIRONICS
998;MASQUE NASAL A FUITE PROFILE LITE - MS;1004115;317;RESPIRONICS
999;MASQUE NASAL A FUITE PROFILE LITE - P;1004113;2304;RESPIRONICS
1000;MASQUE NASAL A FUITE PROFILE LITE - S;1004114;320;RESPIRONICS
1001;MASQUE NASAL A FUITE PROFILE LITE PEDIATRIQUE - SC;1008829;321;RESPIRONICS
1002;MASQUE NASAL A FUITE SLEEPWEAVER ADVANCE BLEU;100274;2442;L3 MEDICAL
1003;MASQUE NASAL A FUITE TRUEBLUE TAILLE P;1071838;1616;RESPIRONICS
1004;MASQUE NASAL A FUITE TRUEBLUE TAILLE S;1071839;1678;RESPIRONICS
1005;MASQUE NASAL A FUITE ULTRA MIRAGE - L;16329;322;RESMED
1006;MASQUE NASAL A FUITE ULTRA MIRAGE - LSH;16331;323;RESMED
1007;MASQUE NASAL A FUITE ULTRA MIRAGE - S;16328;324;RESMED
1008;MASQUE NASAL A FUITE ULTRA MIRAGE - SSH;16330;325;RESMED
1009;MASQUE NASAL A FUITE ZEST Q PETIT;400444U;326;FISHER PAYKEL
1010;MASQUE NASAL A FUITE ZEST Q PLUS;400446U;327;FISHER PAYKEL
1011;MASQUE NASAL A FUITE ZEST Q STANDARD;400445U;328;FISHER PAYKEL
1012;MASQUE NASAL BREEZE;Y-101400-MD-C;1663;SEFAM
1013;MASQUE NASAL FLEXIFIT HC 407;HC407NIV;329;FISHER PAYKEL
1014;MASQUE NASAL NUANCE PRO GEL;1105168;2262;RESPIRONICS
1015;MASQUE NASAL SANS FUITE COMFORTGEL BLUE L;1070068;346;RESPIRONICS
1016;MASQUE NASAL SANS FUITE COMFORTGEL BLUE M;1070069;347;RESPIRONICS
1017;MASQUE NASAL SANS FUITE COMFORTGEL BLUE P;1070071;348;RESPIRONICS
1018;MASQUE NASAL SANS FUITE COMFORTGEL BLUE S;1070070;349;RESPIRONICS
1019;MASQUE NASAL SANS FUITE EASYLIFE - L;1050034;330;RESPIRONICS
1020;MASQUE NASAL SANS FUITE EASYLIFE - M;1050032;331;RESPIRONICS
1021;MASQUE NASAL SANS FUITE EASYLIFE - MW;1050033;332;RESPIRONICS
1022;MASQUE NASAL SANS FUITE EASYLIFE - P;1050030;333;RESPIRONICS
1023;MASQUE NASAL SANS FUITE EASYLIFE - S;1050031;334;RESPIRONICS
1024;MASQUE NASAL SANS FUITE IQ ET HARNAIS;50660;335;L3 MEDICAL
1025;MASQUE NASAL SANS FUITE PROFILE LITE  L;1006319;336;RESPIRONICS
1026;MASQUE NASAL SANS FUITE PROFILE LITE  LN;1006320;337;RESPIRONICS
1027;MASQUE NASAL SANS FUITE PROFILE LITE  M;1006317;338;RESPIRONICS
1028;MASQUE NASAL SANS FUITE PROFILE LITE  MS;1006316;339;RESPIRONICS
1029;MASQUE NASAL SANS FUITE PROFILE LITE  MW;1006318;340;RESPIRONICS
1030;MASQUE NASAL SANS FUITE PROFILE LITE  P;1006314;341;RESPIRONICS
1031;MASQUE NASAL SANS FUITE PROFILE LITE  S;1006315;342;RESPIRONICS
1032;MASQUE NASAL SANS FUITE ULTRA MIRAGE - L;60410;343;RESMED
1033;MASQUE NASAL SANS FUITE ULTRA MIRAGE - S;60409;344;RESMED
1034;MASQUE NASAL SANS FUITE ULTRA MIRAGE -SH;60411;345;RESMED
1035;MASQUE NASAL SLEEPWEAVER ELAN BLEU;100782;1873;L3 MEDICAL
1036;MASQUE OPTILIFE - 103 68 33;1036833;352;RESPIRONICS
1037;MASQUE OPTILIFE - 103 68 34;1036834;353;RESPIRONICS
1038;MASQUE PEDIATRIQUE RESPIREO SOFT BABY S;KM225400;2414;AIR LIQUIDE
1039;MASQUE PEDIATRIQUE RESPIREO SOFT BABY XS;KM225300;2307;AIR LIQUIDE
1040;MASQUE PERFORMATRAK TAILLE L;1012635;2253;RESPIRONICS
1041;MASQUE PERFORMATRAK TAILLE M;1012574;2252;RESPIRONICS
1042;MASQUE PERFORMATRAK TAILLE S;1012573;1598;RESPIRONICS
1043;MASQUE POUR INSUFFLATEUR TAILLE 0 BEBE;000315000;1779;AMBU
1044;MASQUE POUR INSUFFLATEUR TAILLE 0A NOUVEAU NE;000313000;1780;AMBU
1045;MASQUE POUR INSUFFLATEUR TAILLE 2;000316000;1916;AMBU
1046;MASQUE POUR INSUFFLATEUR TAILLE 5;000317000;1917;AMBU
1047;MASQUE POUR TRACHEOTOMIE ADULTE;1075;1304;TELEFLEX
1048;MASQUE WISP TAILLE S/M;116928;1797;RESPIRONICS
1049;MENTONNIERE DELUXE RESPIRONICS;1006085;354;RESPIRONICS
1050;MENTONNIERE RESMED;16015;355;RESMED
1051;MENTONNIERE RESPIRONICS;302175;356;RESPIRONICS
1052;MENTONNIERE RUBY TAILLE L;AG302000L;2415;L3 MEDICAL
1053;MENTONNIERE RUBY TAILLE M;AG302000M;1892;L3 MEDICAL
1054;MINI LINK AVEC SERTER ENLITE;MMT-7725WW;960;MEDTRONIC
1055;"MINI SPIKE MICRO-TIP
";4550510;1864;BRAUN
1056;MODULE CONNECTEUR PC / PR1;1061644A;357;RESPIRONICS
1057;NETTOYANT INDUSTRIEL WURTH;0893140;1704;WURTH
1058;NEZ ARTIFICIEL HUMID-VENT GIBECK - 11112;11112;1173;TELEFLEX
1059;NEZ ARTIFICIEL HUMID-VENT MINI;10011;1174;TELEFLEX
1060;NEZ ARTIFICIEL HYDRO-TRACH 2;1873;1175;INTERSURGICAL
1061;NEZ ARTIFICIEL HYGROFLUX TRACHEO + RACCORD OXYGENE;501.20;1176;VYGON
1062;NEZ ARTIFICIEL HYGROLIFE II;353S19007;1177;COVIDIEN MEDTRONIC
1063;NEZ TRACHVENT + PROPRE AVEC APPORT O2;41312;1673;TELEFLEX
1064;NOCOBOX;5000.020;2424;L3 MEDICAL
1065;NOCOLYSE NEUTRE 1L;4040.001;2369;L3 MEDICAL
1066;NUTRA CAKE PRUNEAUX;101617401;2425;LACTALIS NUTRITION SANTE
1067;NUTRINI STANDARD 500ML;40782;2190;NUTRICIA
1068;NUTRINIMAX ENERGY 500 ML;40820;2282;NUTRICIA
1069;NUTRISON ADVANCED DIASON PACK 1 LITRE;91452;698;NUTRICIA
1070;NUTRISON ENERGY MULTI FIBRES PACK 1 LITRE;42675;700;NUTRICIA
1071;NUTRISON ENERGY MULTI FIBRES PACK 500 ML;42674;701;NUTRICIA
1072;NUTRISON ENERGY PACK 1 LITRE;40962;702;NUTRICIA
1073;NUTRISON ENERGY PACK 500 ML;41660;703;NUTRICIA
1074;NUTRISON MULTI FIBRES PACK 1 LITRE;40964;704;NUTRICIA
1075;NUTRISON MULTI FIBRES PACK 500 ML;40933;705;NUTRICIA
1076;NUTRISON PROTEIN PLUS ENERGY 1.5 PACK 1 LITRE;56342;706;NUTRICIA
1077;NUTRISON PROTEIN PLUS ENERGY 1.5 PACK 500 ML;56343;707;NUTRICIA
1078;NUTRISON PROTEIN PLUS ENERGY MULTI FIBRES 1 LITRE;104931;708;NUTRICIA
1079;NUTRISON PROTEIN PLUS ENERGY MULTI FIBRES 500 ML;104930;709;NUTRICIA
1080;NUTRISON STANDARD  PACK 500 ML;40975;710;NUTRICIA
1081;NUTRISON STANDARD PACK 1 LITRE;40986;711;NUTRICIA
1082;OBTURATEUR STOPPEUR BLANC;4097076;843;BRAUN
1083;OUTIL PEEP VALVE ALPHA 300;KC041600;2386;AIR LIQUIDE
1084;Pack batterie universelle Respironics;1028888;2441;RESPIRONICS
1085;PACK POMPE - TROUSSE DE VOYAGE ANIMAS;100-034-00;961;ANIMAS
1086;PAIRE SOUFFLETS ADAM TAILLE L;S-616325 00A;1836;SEFAM
1087;PAIRE SOUFFLETS ADAM TAILLE M;S-616324-00C;1618;SEFAM
1088;PAIRE SOUFFLETS ADAM TAILLE S;S-616323-00C;1619;SEFAM
1089;PANSEMENT TRACHEOSTOMIE 3.2X3.2;409426;2084;HARTMANN
1090;PASSE SONDE NASO GASTRIQUE;452040;712;RESPIRONICS
1091;PATCH NASAL GECKO TAILLE L;61917;364;RESMED
1092;PATCH NASAL GECKO TAILLE S;61916;365;RESMED
1093;PATE ABRASIVE EVERI. TUBE DE 160 G;WM96549;1113;LOWENSTEIN MEDICAL
1094;PATE ADHESIVE GRASS EC2 TUBE DE 100 G;441;1114;PACTRONIC
1095;PEAK FLOW MINI WRIGHT;MWS;2097;MEDIFLUX
1096;PELUCHE LENNY;LENNY;962;MEDTRONIC
1097;PESON 0.5L AVEC BRETELLE ET CACHE;LF118600;2196;CRYOPAL
1098;PESON 1.2LF;LF118500;2195;CRYOPAL
1099;PIED A PERFUSION;224250;1778;PARAMAT
1100;PIED MOBILE POUR TRILOGY;1047410;366;RESPIRONICS
1101;PIED POUR EOLE 3;PIE005529;367;RESMED
1102;PIED POUR TRILOGY 100;1029360;368;RESPIRONICS
1103;PIEGE A EAU FISHER & PAYKEL;900MR139;1179;FISHER PAYKEL
1104;PILE 9 V;PILE-9V;602;CHRONOPILES
1105;PILE A L'OXYDE D'ARGENT 1.55 V TYPE 355A;603728;981;MEDTRONIC
1106;PILE ALCALINE TYPE AA;100002;982;CHRONOPILES
1107;PILE ALCALINE TYPE AAA;100001;983;CHRONOPILES
1108;PILE ALCALINE TYPE LR1 - 1.5 V;PILE-LR1;1115;CHRONOPILES
1109;PILE LITHIUM 3 V - CR 123A;PILE-CR123A;847;CHRONOPILES
1110;PILE LITHIUM 3 V - CR 2032;PILE-CR2032;1116;RS
1111;PILE LITHIUM POUR POMPE D-TRONPLUS;04956532001;984;ROCHE DIABETE FRANCE
1112;PILE LITHIUM TYPE 1/2AA - 3.6 V;PILE-1/2AA-LI;1117;CHRONOPILES
1113;PILE LITHIUM TYPE AA;140040;985;CHRONOPILES
1114;PILE RECHARGEABLE AAA PAR 2;120206;2444;CHRONOPILES
1115;PILES RECHARGEABLES EFLOW;978B7002;475;PULMOMED
1116;PINCE A DENUDER;724-3869;1805;RS
1117;PINCE COUPANTE;205-4829;1804;RS
1118;PINCE DE FIXATION POUR CAPTEUR TOSCA;5601300;1118;RADIOMETER SAS RESPIRONICS
1119;PINCE NEZ JAUNE;AC29Y;369;TELEFLEX
1120;PINCE POUR OXYMETRE N560;DS100A;1119;COVIDIEN MEDTRONIC
1121;PLATEAU DE FIXATION FISHER & PAYKEL;900HC007;1180;FISHER PAYKEL
1122;PLATINUM S;PLATINUM 5;2296;INVACARE POIRIER
1123;POCHE A EAU 500ML;NP1GB;1620;MEDWIN FRANCE
1124;POCHE A EAU VIDE HYDROBAG - 1.5 L;7751101;715;FRESENIUS KABI
1125;POCHE A URINE UREOPLAST VV;457002;2075;THERMOFINA
1126;POCHETTE BLANCHE POUR SOUTIEN GORGE;06364543001;987;ROCHE DIABETE FRANCE
1127;POCHETTE CEINTURE SPORT;ACC 250;2431;MEDTRONIC
1128;POCHETTE CUISSE ANIMAS BLANCHE;100-032-01;988;ANIMAS
1129;POCHETTE CUISSE ANIMAS NOIRE;100-032-00;989;ANIMAS
1130;POCHETTE JAMBE BEIGE;ACC-205BE;990;MEDTRONIC
1131;POCHETTE JAMBE NOIRE;ACC-205BK;991;MEDTRONIC
1132;POCHETTE JEAN GARCON - ACC-150 BY;ACC-150BY;992;MEDTRONIC
1133;POCHETTE JEAN RENFORCEE FILLE MEDTRONIC;ACC-150GL;993;MEDTRONIC
1134;POCHETTE MATELASSEE BULLES 110*160 PAR 100;566079;2108;CENPAC
1135;POCHETTE MATELASSEE BULLES 220*260 PAR 100;566083;2109;CENPAC
1136;POCHETTE NOIRE POUR SOUTIEN GORGE;06364535001;994;ROCHE DIABETE FRANCE
1137;POCHETTE POUR ACCUFUSER;PL10034;848;WYM
1138;POCHETTE SOUTIEN GORGE BLANC POUR IR 2020;100-023-00;995;ANIMAS
1139;POCHETTE SOUTIEN GORGE NOIR POUR IR 2020;100-023-00;2336;ANIMAS
1140;POCHETTE TAILLE BEIGE - MEDTRONIC;ACC-255BE;996;MEDTRONIC
1141;POCHETTE TAILLE NOIRE - MEDTRONIC;ACC-255BK;997;MEDTRONIC
1142;POIRE A BOLUS POUR POMPE CADD LEGACY;21-6620-24;849;SMITHS MEDICAL
1143;POIRE A BOLUS POUR RYTHMIC PLUS CONNECT;KS5.01.410.5;850;SMD
1144;POMPE PATCH OMNIPOD2;14810;2399;YPSOMED SAS
1145;PORTE SOUFFLET ADAM;S-213700-00B;1621;SEFAM
1146;POUDRE DE PROTEIN DELICAL;102668801;2428;LACTALIS NUTRITION SANTE
1147;PRISE D AIR N° 1;4190050;1622;BRAUN
1148;PROLONGATEUR ABS COUDE 61 CM;6-2422;1571;ABS BOLTON
1149;PROLONGATEUR AVEC AUTOFLUSH OCTOPUS 1;5223.01;718;VYGON
1150;PROLONGATEUR AVEC BIONECTEUR 2 ET CLAMP OCTOPUS 1;5222.014;719;VYGON
1151;PROLONGATEUR AVEC ROBINET 3 VOIES;141.00;1627;VYGON
1152;PROLONGATEUR AVEC ROBINET 3 VOIES ET FILTRE PURGE;PR3LVMSP30F;2080;DIDACTIC
1153;PROLONGATEUR MINI ONE;8-1255;1625;ABS BOLTON
1154;PROLONGATEUR POLYVALENT 13.5CM;220.010;1891;VYGON
1155;PROLONGATEUR POLYVALENT 200 CM;220200;1623;VYGON
1156;PROLONGATEUR POUR SERINGUE ELECTRIQUE;1155.10;723;VYGON
1157;PROLONGATEUR SECUR LOCK COUDE ENFIT - 61CM;201880;1695;ASEPT INMED
1158;PROLONGATEUR SECUR LOCK COUDE SITES EN Y - 30.5 CM;200379;721;ASEPT INMED
1159;PROTECTION POUR POWER PACK;10000609;379;COVIDIEN MEDTRONIC
1160;PROTEGE OREILLES POUR LUNETTES A OXYGENE;TRP-OXY;606;L3 MEDICAL
1161;PROVOX ADAPTATEUR POUR LARYTUBE - 72 63;TS7263;1317;ATOS MEDICAL
1162;PROVOX ADHESIF FLEXIDERM OVALE - 72 54;TS7254;1318;ATOS MEDICAL
1163;PROVOX ADHESIF FLEXIDERM ROND - 72 53;TS7253;1319;ATOS MEDICAL
1164;PROVOX ADHESIF OPTIDERM OVALE - 72 56;TS7256;1320;ATOS MEDICAL
1165;PROVOX ADHESIF OPTIDERM ROND- 72 55;TS7255;1321;ATOS MEDICAL
1166;PROVOX ADHESIF XTRABASE ROND PROFOND;TS7265;1877;ATOS MEDICAL
1167;PROVOX BASE ADHESIVE - 72 69;TS7269;1322;ATOS MEDICAL
1168;PROVOX BRUSH POUR IMPLANT - 72 04;TS7204;1323;ATOS MEDICAL
1169;PROVOX HME CASSETTE COMPACT HIFLOW -7237;TS7237;1324;ATOS MEDICAL
1170;PROVOX HME CASSETTE COMPACT NORMAL -7236;TS7236;1325;ATOS MEDICAL
1171;PROVOX HME CASSETTE FREEHANDS - 77 12;TS7712;1326;ATOS MEDICAL
1172;PROVOX HME CASSETTE HIFLOW - 72 41 fin de commerci;TS7241;1327;ATOS MEDICAL
1173;PROVOX HME CASSETTE NORMAL - 72 40;TS7240;1328;ATOS MEDICAL
1174;PROVOX HME CASSETTE XTRAFLOW - 7241X;TS7241X;1329;ATOS MEDICAL
1175;PROVOX HME XTRAMOIST - 72 40X;TS7240X;2395;ATOS MEDICAL
1176;PROVOX LARYTUBE 10/55 - ID 12;TS7611;1330;ATOS MEDICAL
1177;PROVOX LARYTUBE 8/55 - ID 9.5;TS7603;1331;ATOS MEDICAL
1178;PROVOX LARYTUBE 9/55 - ID 10.5 MM;TS7607F;1332;ATOS MEDICAL
1179;PROVOX LARYTUBE FENETRE 10/55 - TS 7644;TS7644FR;2394;ATOS MEDICAL
1180;PROVOX LARYTUBE FENETRE 8/55 - TS 7638;TS7638FR;2393;ATOS MEDICAL
1181;PROVOX LARYTUBE FENETRE 9/55 - TS 76 41;TS7641FR;1333;ATOS MEDICAL
1182;PROVOX LARYTUBE FENETREE 9/36;TS7640F;1334;ATOS MEDICAL
1183;PROVOX PROTECTION DOUCHE;TS7260;1335;ATOS MEDICAL
1184;PROVOX PROTHESE PHONATOIRE 2-4.5MM;TS726;1336;ATOS MEDICAL
1185;PROVOX TUBEBRUSH 12 MM - 76 61;7661;2216;ATOS MEDICAL
1186;PROVOX TUBEBRUSH 9 MM - 76 60;TS7660;1337;ATOS MEDICAL
1187;PROVOX XTRAFLOW HME;7291;1338;ATOS MEDICAL
1188;QUICK SERTER DISPOSITIF D'INSERTION POUR QUICK-SET;MMT-395;1006;MEDTRONIC
1189;"RACCORD ""Y"" POUR SERINGUE CRONO 
";"PY32PF
";1866;PENTAFERTE
1190;RACCORD A FUITE RESPIRONICS (WHISPER SWIVEL);332113;381;RESPIRONICS
1191;RACCORD A FUITE WEINMANN;WM23600;382;LOWENSTEIN MEDICAL
1192;RACCORD A OXYGNE POUR VIVO 50;005032;383;BREAS
1193;RACCORD BICONIQUE DROIT - 881.00;881.00;607;VYGON
1194;RACCORD BICONIQUE DROIT 3.0-5.0 / 3.0-5;881.33;608;VYGON
1195;RACCORD BICONIQUE DROIT 3.0-5.0 / 7.0-10;881.37;609;VYGON
1196;RACCORD BICONIQUE DROIT 4.0-6.0 / 4.0-6.;881.44;610;VYGON
1197;RACCORD BICONIQUE DROIT 4.0-7.0 / 7.0-10;881.47;611;VYGON
1198;RACCORD BICONIQUE DROIT 6.0-8.0 / 6.0-8.;881.66;612;VYGON
1199;RACCORD BICONIQUE DROIT 7.0-10.0 / 7.0-1;881.77;613;VYGON
1200;RACCORD COUDE FISHER & PAYKEL 22F/22M;900MR130;384;FISHER PAYKEL
1201;RACCORD COUDE POUR AEROGEN;NKD-AG-AS1075;2407;NIHON KOHDEN
1202;RACCORD COUDE POUR BALLON INTEGRATEUR E3;COU004508;385;RESMED
1203;RACCORD D'ANGLE POUR MASQUE ADAM;S-616369-00;386;COVIDIEN MEDTRONIC
1204;RACCORD DE SORTIE AMOVIBLE MSERIES;1024615;387;RESPIRONICS
1205;RACCORD DE SORTIE POUR SOMNOBALANCE E;WM24452;388;LOWENSTEIN MEDICAL
1206;RACCORD DOUBLE ORIENTABLE -   104 - 13;104-13;1305;TELEFLEX
1207;RACCORD DROIT  22 F/22  F - EM 5101;EM5101;389;TELEFLEX
1208;RACCORD DROIT 15 CM 15F/15M - 332/5115;332/5115;390;COVIDIEN MEDTRONIC
1209;RACCORD DROIT 15 M / TUB. OXYGENE - AC70;AC70;614;TELEFLEX
1210;RACCORD DROIT 15F 22F;1979000;2306;INTERSURGICAL
1211;RACCORD DROIT 15M-22M;1943000;2346;INTERSURGICAL
1212;RACCORD DROIT 22 M / 22 F  -  AC 22;AC22;391;TELEFLEX
1213;RACCORD DROIT 22F - 15F INTERSURGICAL - 3511;3511;392;INTERSURGICAL
1214;RACCORD DROIT HUDSON 22 M/22 F - 41640;41640;1181;TELEFLEX
1215;RACCORD DROIT ID15 / OD 22 - 41422;41422;393;TELEFLEX
1216;RACCORD DROIT PRISE DE PRESSION - 41642;41642;615;TELEFLEX
1217;RACCORD DUAL FLOW OXYGÈNE / AIR 22 MMF;900MR961;616;FISHER PAYKEL
1218;RACCORD EN T 22M-22M-22F - 1982;1982;394;INTERSURGICAL
1219;RACCORD EN T SYST'AM;Z1PCSAV;478;SYSTAM
1220;RACCORD EN Y 22M / 15F - 22M  -  AC 23;AC23;395;TELEFLEX
1221;RACCORD EN Y 4.0 - 6.0  -  884.04;884.04;617;VYGON
1222;RACCORD EN Y 6.0-8.0;884.06;618;VYGON
1223;RACCORD EN Y POUR TUBULURE NUTRITION;ACC127ENT;1639;NUTRICIA
1224;RACCORD LUER-LOCK - 893.00;893.00;737;VYGON
1225;RACCORD LUER POUR POCHE A URINE COLOPLAS;AK3100;855;COL
1226;RACCORD MALE ENTREE O2 POUR RESPIRATEUR;2962799;396;COVIDIEN MEDTRONIC
1227;RACCORD ORIENTABLE MASQUE ADAM;S-616329-00;1667;SEFAM
1228;RACCORD PIVOTANT DE MASQUE RESPIRONICS;7041;397;RESPIRONICS
1229;RACCORD POUR POCHE SONDALIS;12195946;738;NESTLE CLINICAL NUTRITION
1230;RACCORD POUR SONDE LATEX POLYAMIDE SILIC;AK3201;856;COL
1231;RACCORD POUR TUBULURE FLOCARE;576667;739;NUTRICIA
1232;RACCORD POUR TUBULURE PAR GRAVITE APPLIX;7981972;740;FRESENIUS KABI
1233;RACCORD PRISE DE PRESSION PROXIMALE SMARTAIR;3808000;398;COVIDIEN MEDTRONIC
1234;RACCORD SANS FUITE MASQUE EASYLIFE;302209;399;RESPIRONICS
1235;RACCORD SANS FUITE POUR MASQUE FITLIFE;1060810;400;RESPIRONICS
1236;RACCORD SANS FUITE POUR MASQUE JOYCE;WM26207;401;LOWENSTEIN MEDICAL
1237;RACCORD SORTIE O2 POUR TRILOGY PAR 2;1040390;2204;RESPIRONICS
1238;RACCORD SORTIE OXYGENE HUDSON;42555;619;TELEFLEX
1239;RACCORD TOURNANT;TRP 748;1668;L3 MEDICAL
1240;RALLONGE POUR CAPTEUR CID102L;CID50LP;1121;CIDELEC
1241;RAMPE DE ROBINET;873.13;1701;VYGON
1242;RECHAUFFEUR EXTERNE POUR ELISEE 150;GEL000813;403;RESMED
1243;RECHAUFFEUR POUR LS 2000;2200;479;SYSTAM
1244;RESERVOIR 1.8 ML POUR PARADIGM;MMT-326A;1015;MEDTRONIC
1245;RESERVOIR 100 ML POUR POMPE CADD-LEGACY;21-7002-24;857;SMITHS MEDICAL
1246;RESERVOIR 3 ML POUR MMT 508;MMT-103A;1016;MEDTRONIC
1247;RESERVOIR 3 ML POUR PARADIGM;MMT-332A;1017;MEDTRONIC
1248;RESERVOIR 3.15 ML POUR ACCU-CHEK SPIRIT;04949935001;1018;ROCHE DIABETE FRANCE
1249;RESERVOIR 30 ML POUR POMPE CRONO;"CRN/30
";1868;PENTAFERTE
1250;RESERVOIR 50 ML POUR POMPE CADD LEGACY;21-7001-24;858;SMITHS MEDICAL
1251;RESERVOIR 50 ML POUR POMPE CRONO;"CRN/50
";1867;PENTAFERTE
1252;RESERVOIR ANIMAS POUR IR 1200 - 200 U;100-124-11;1019;ANIMAS
1253;RESERVOIR DE TRANSFERT POUR POMPE CADD;21-7034-24;859;SMITHS MEDICAL
1254;RESERVOIR OXYGENE POUR INSUFFLATEUR MARK;304000507;1122;AMBU
1255;ROBINET 3 VOIES DISCOFIX BLEU;4095111;861;BRAUN
1256;RONDELLE ADHESIVE DOUBLE FACE X500;RA1023M;2447;CIDELEC
1257;RUBAN ADHESIF BLANC;13133024;1903;CENPAC
1258;SAC A DOS INOGEN G2;S3231028;1709;SCALEO
1259;SAC A DOS INOGEN G3;S3231043;2199;SCALEO
1260;SAC A DOS NOIR FLOCARE POUR INFINITY;44497;746;NUTRICIA
1261;SAC A DOS POUR BOUTEILLE OXYGENE;R551304;2127;LINDE HEALTHCARE
1262;SAC A DOS POUR COMPANION 1000;10018138;2092;CHART
1263;SAC A DOS POUR POMPE BODYGUARD;52004;862;PFM MEDICAL
1264;SAC A DOS POUR POMPE KANGAROO JOEY;770036;747;COVIDIEN MEDTRONIC
1265;SAC BRETELLE ECO LIASSE 500*800 PAR 500;08121058;2224;CENPAC
1266;SAC BRETELLE PEHD 30X60X18 PAR 1000;607731;1793;CENPAC
1267;SAC DE TRANSPORT POUR ACCUVAC;WF4288;511;LOWENSTEIN MEDICAL
1268;SAC DE TRANSPORT POUR ALPHA 200C;KF007600;411;AIR LIQUIDE
1269;SAC DE TRANSPORT POUR BOUTEILLE 1.7L;HF2PC9BAG;1710;INVACARE POIRIER
1270;SAC DE TRANSPORT POUR EFLOW RAPID;178E8005;480;PULMOMED
1271;SAC DE TRANSPORT POUR HELIOS 300;B-701654-00;626;CHART
1272;SAC DE TRANSPORT POUR LEGENDAIR;3829000;412;COVIDIEN MEDTRONIC
1273;SAC DE TRANSPORT POUR PPC WEINMANN;WM23515;413;LOWENSTEIN MEDICAL
1274;SAC DE TRANSPORT POUR PRS1;1063857;415;RESPIRONICS
1275;SAC DE TRANSPORT POUR S9;36860;418;RESMED
1276;SAC DE TRANSPORT POUR TRILOGY;1033709;414;RESPIRONICS
1277;SAC DE TRANSPORT POUR TRILOGY EN UTILISATION;1040420;416;RESPIRONICS
1278;SAC DE TRANSPORT POUR VIVO 40;SACVIVO40;419;BREAS
1279;SAC GC PLAT PEHD 45X60 PAR 500;08101401;1794;CENPAC
1280;SAC GC PLAT PEHD 50X80 PAR 500;08101573;1795;CENPAC
1281;SAC PEBD 550+150*600MM TRANSLUCIDE PAR 1000;589905;1904;CENPAC
1282;SACHET DE LINGETTE ANIOS GRAND MODELE PAR 12;299.312;2218;DMD ANIOS LABORATOIRES
1283;SACHET JETABLE POUR ACCUVAC;WM10774;512;LOWENSTEIN MEDICAL
1284;SACHET ZIPPE 25X32 PAR 1000;605759;1790;CENPAC
1285;SACHET ZIPPE 45X35 PAR 1000;605789;1789;CENPAC
1286;SACHET ZIPPE 8X14 PAR 1000;606007;1788;CENPAC
1287;SACOCHE DE MOBILITE POUR ASTRAL;27917;1862;RESMED
1288;SACOCHE DE TRANSPORT POUR EO-150;EO-NOMADBAG;2264;LOWENSTEIN MEDICAL
1289;SACOCHE PORTABLE 0.5L;LF120500;1796;CRYOPAL
1290;SACOCHE PORTABLE 0.5L;LF 120500;2093;CRYOPAL
1291;SACOCHE PORTABLE 1.2L;LF120600;2094;CRYOPAL
1292;SACOCHE POUR PARI BOY TYPE 085;85E1102;481;PULMOMED
1293;SACOCHE POUR RYTMIC PLUS CONNECT;KM1.YY.202.x;863;SMD
1294;SACOCHE POUR VIVO 50;004939;2247;BREAS
1295;SANGLE ABDOMEN M POUR SOMNOTOUCH;TOS801;2183;SEFAM
1296;SANGLE ABDOMEN S POUR SOMNOTOUCH;TOS800;2182;SEFAM
1297;SANGLE ABDOMEN XS / CAPTEUR D EFFORT;TOS799;2298;SEFAM
1298;SANGLE ABDOMEN XS POUR SOMNOTOUCH;TOS799;2181;SEFAM
1299;SANGLE ABDOMEN XXL POUR SOMNOTOUCH;TOS803;2184;SEFAM
1300;SANGLE BEIGE POUR POCHETTE JAMBE;ACC-210BE;2160;MEDTRONIC
1301;SANGLE NOIRE POUR POCHETTE JAMBE;ACC-210BK;2159;MEDTRONIC
1302;SANGLE THORACO ABDOMINALE TAILLE 70;SI230-70;1123;CIDELEC
1303;SANGLE THORACO ABDOMINALE TAILLE 90;SI230-90;1124;CIDELEC
1304;SANGLE THORAX M POUR SOMNOTOUCH;TOS806;2187;SEFAM
1305;SANGLE THORAX S POUR SOMNOTOUCH;TOS805;2186;SEFAM
1306;SANGLE THORAX XS / CAPTEUR D EFFORT;TOS804;2299;SEFAM
1307;SANGLE THORAX XS POUR SOMNOTOUCH;TOS804;2185;SEFAM
1308;SANGLE THORAX XXL POUR SOMNOTOUCH;TOS808;2188;SEFAM
1309;SAVON DOUX HAUTE FREQUENCE (BIDON 5 L);205034;1193;DMD ANIOS LABORATOIRES
1310;SAVON DOUX HAUTE FREQUENCE FLACON 500 ML;205228;1194;DMD ANIOS LABORATOIRES
1311;SERINGUE 1 ML NUTRISAFE 2;1015013;748;VYGON
1312;SERINGUE 10 ML A EMBOUT CONIQUE;103331;1669;PARAMAT
1313;SERINGUE 10 ML A EMBOUT LUER EXCENTRE;103405A;864;PARAMAT
1314;SERINGUE 10 ML NUTRISAFE 2;1015103;1670;VYGON
1315;SERINGUE 20 ML A EMBOUT LUER EXCENTRE;4616200V;865;BRAUN
1316;SERINGUE 20 ML A EMBOUT LUER LOCK;4606736V;866;PARAMAT
1317;SERINGUE 20 ML NUTRISAFE 2;1015213;749;VYGON
1318;SERINGUE 20 ML POUR POMPE CRONOPID;00261272B12;1671;PENTAFERTE
1319;SERINGUE 5 ML EMBOUT LUER EXCENTRE;103453;869;PARAMAT
1320;SERINGUE 5 ML NUTRISAFE 2;1015053;750;VYGON
1321;SERINGUE 50 ML A EMBOUT LUER EXCENTRE;500452;867;PARAMAT
1322;SERINGUE 50 ML EMBOUT CONIQUE;103409;868;PARAMAT
1323;SERINGUE 50 ML LUER LOCK;SER;2115;WYM FRANCE
1324;SERINGUE BD SALINES 10 ML;53306572;1898;KELIS MEDICAL
1325;SET D'HEPARINISATION;073303;882;INNOSET
1326;SET DE DEBRANCHEMENT;073305;870;INNOSET
1327;SET DE PERFUSION NERIA  SOFT 90 9 MM 60 CM;"722.060.5229
";2237;PENTAFERTE
1328;SET DE PERFUSION NERIA  TUBULURE 60CM - AIGUILLE 6;78.060.2936;2338;PENTAFERTE
1329;SET DE PERFUSION NERIA  TUBULURE 80CM - AIGUILLE 8;78.080.2738;1865;PENTAFERTE
1330;SET DE POSE MOLNLYCKE;37002458-02;1643;MÖLNLYCKE
1331;SET DE POSE PERCUTANEE VYSET;096931.352;871;VYGON
1332;SET DE POSE SUR CHAMBRE IMPLANTABLE;073304;872;INNOSET
1333;SET DE POSE SUR VOIE IV PERIPHERIQUE;073302;873;INNOSET
1334;SET DE POSE VOIE CENTRALE ANTADIR;A09210;874;LABODIAL
1335;SET DE POSE VOIE CENTRALE AVEC VALVE ANTI;A09211;875;LABODIAL
1336;SET DE POSE VOIE PERIPHERIQUE ANTADIR;A09240;876;LABODIAL
1337;SET DE PREPARATION POUR TOSCA;5601100;1125;RADIOMETER SAS RESPIRONICS
1338;SET DE REMPLISSAGE DIFFUSEUR ANTADIR;A09260;877;LABODIAL
1339;SET DE REMPLISSAGE POMPE / DIFFUSEUR;073301;878;INNOSET
1340;SET DE REMPLISSAGE SYSTEME ACTIF ANTADIR;3020;879;LABODIAL
1341;SET DE RINCAGE ANTADIR;A09220;880;LABODIAL
1342;SET DE SOIN GASTROSTOMIE/JEJUNOSTOMIE - LE CARTON;AV201042;881;INNOSET
1343;SET PICC LINE AVEC GROPLOCK UNIVERSEL;073141;2416;INNOSET
1344;SIL SERTER DISPOSITIF D'INSERTION POUR SILHOUETTE;MMT-385;1640;MEDTRONIC
1345;SILKOSPRAY. BOMBE SILICONE UNIVERSELLE;556000;1306;TELEFLEX
1346;SOCLE POUR ASTRAL;27915;2382;RESMED
1347;SONDALIS ENERGY 500 ML;9490419;752;NESTLE CLINICAL NUTRITION
1348;SONDALIS ENERGY FIBRE 1L;9490402;2063;NESTLE CLINICAL NUTRITION
1349;SONDALIS ENERGY FIBRE 500ML;9490394;2208;NESTLE CLINICAL NUTRITION
1350;SONDALIS HP ENERGY - 1 LITRE;5108311;756;NESTLE CLINICAL NUTRITION
1351;SONDALIS HP ENERGY 500 ML;5108334;757;NESTLE CLINICAL NUTRITION
1352;SONDALIS HP ENERGY FIBRE 1L;2079661;2201;NESTLE CLINICAL NUTRITION
1353;SONDALIS HP ENERGY FIBRE 500 ML;2079655;758;NESTLE CLINICAL NUTRITION
1354;SONDALIS STANDARD 500 ML;9490359;761;NESTLE CLINICAL NUTRITION
1355;SONDALIS STANDARD FIBRE 500 ML;9490454;762;NESTLE CLINICAL NUTRITION
1356;SONDE  DE GASTROSTOMIE A BALLONNET CH 10;201147;2449;ASEPT INMED
1357;SONDE A OXYGENE CH 10;595.10;630;VYGON
1358;SONDE ASPIRATION YANKAUER SEMI-RIGIDE CH 18;1180501205;1307;COVIDIEN MEDTRONIC
1359;SONDE D'ASPIRATION SONDJET S20 1 OEIL 30 CM CH 12;06-S02012;513;PETERS SURGICAL
1360;SONDE D'ASPIRATION SONDJET S20 1 OEIL 30 CM CH 14;06-S02014;514;PETERS SURGICAL
1361;SONDE D'ASPIRATION SONDJET S20 1 OEIL 30 CM CH 16;06-S02016;515;PETERS SURGICAL
1362;SONDE D'ASPIRATION VYGON 33 CM - CH 06;70533.06;516;VYGON
1363;SONDE D'ASPIRATION VYGON 33 CM - CH 07;70533.07;1672;VYGON
1364;SONDE D'ASPIRATION VYGON 33 CM - CH 08;70533.08;518;VYGON
1365;SONDE D'ASPIRATION VYGON 33 CM - CH 10;70533.10;520;VYGON
1366;SONDE D'ASPIRATION VYGON 33 CM - CH 12;70533.12;522;VYGON
1367;SONDE D'ASPIRATION VYGON 33 CM - CH 14;70533.14;524;VYGON
1368;SONDE D'ASPIRATION VYGON 45 CM - CH 07;70545.07;517;VYGON
1369;SONDE D'ASPIRATION VYGON 45 CM - CH 08;70545.08;519;VYGON
1370;SONDE D'ASPIRATION VYGON 45 CM - CH 10;70545.10;521;VYGON
1371;SONDE D'ASPIRATION VYGON 45 CM - CH 12;70545.12;523;VYGON
1372;SONDE D'ASPIRATION VYGON 45 CM - CH 14;70545.14;525;VYGON
1373;SONDE D'ASPIRATION VYGON 45 CM - CH 16;70545.16;526;VYGON
1374;SONDE DE GASTROSTOMIE A BALLONNET CH 14;94815;763;NUTRICIA
1375;SONDE DE GASTROSTOMIE A BALLONNET CH 16;41485;764;NUTRICIA
1376;SONDE DE GASTROSTOMIE A BALLONNET CH 18;41484;765;NUTRICIA
1377;SONDE DE GASTROSTOMIE A BALLONNET CH 20;41483;766;NUTRICIA
1378;SONDE DE GASTROSTOMIE CH20 KIMBERLEY;201149;2193;ASEPT INMED
1379;SONDE NASO-GASTRIQUE FLOCARE CH10 - 110 CM - ENFIT;94570;1887;NUTRICIA
1380;SONDE NASO-GASTRIQUE FLOCARE CH12 - 110 CM - ENFIT;94571;2420;NUTRICIA
1381;SONDE NUTRISAFE 2 EN POLYURETHANE - 6FR - 125 CM;1362062;767;VYGON
1382;SONDE NUTRISAFE 2 EN POLYURETHANE - 6FR - 50 CM;1361062;768;VYGON
1383;SONDE NUTRISAFE 2 EN POLYURETHANE - 8FR - 75 CM;1363082;1674;VYGON
1384;SPARADRAP CURAFIX 10X5;30341;2166;LOHMANN MEDICAL
1385;SPARADRAP MICROPOREUX 9.14 M X 5 CM;1530-2;883;3M FRANCE
1386;STOP-VIDE;D3063;1308;TELEFLEX
1387;SUPERGLU BOUTEILLE DE 3G;379-8968;1803;RS
1388;SUPPORT CHARIOT POUR ELISEE 150;24914;428;RESMED
1389;SUPPORT CIRCUIT POUR BRAS BREAS;005069;429;BREAS
1390;SUPPORT DE POMPE INFINTY;40361;2284;NUTRICIA
1391;SURFA SAFE PREMIUM 750 ML PAR 12;2419.326;2220;DMD ANIOS LABORATOIRES
1392;SURFA SAFE R PREMIUM 250 ML PAR 12;2478.440;2221;DMD ANIOS LABORATOIRES
1393;TETIERE 6 CANANUX POUR SOMNOTOUCH;TOS091;2177;SEFAM
1394;THERMOVENT 1 200 PORTEX;100.582.000;1184;SMITHS MEDICAL
1395;THERMOVENT 600 PORTEX;100.580.015;1185;SMITHS MEDICAL
1396;THERMOVENT T PORTEX;100.570.015;1186;SMITHS MEDICAL
1397;TIGE PORTE BOUTEILLE POUR LS 2000;3426;2355;SYSTAM
1398;TRACHEOCLEAN - PROTECTION TRACHEALE PAR 100;TRCLN-100;1339;CEREDAS
1399;TUBE HUMIDIFICATEUR POUR PLATINIUM;1110768;2162;INVACARE POIRIER
1400;TUBE SILICONNE POUR CONNEXION SOMNOTOUCH RESP/PPC;SEN921;2367;SEFAM
1401;TUBULURE + POCHE KANGAROO JOEY - 666106;666106;769;COVIDIEN MEDTRONIC
1402;TUBULURE A OXYGENE (LE METRE);ANT575S50;632;GAINOPLAST
1403;TUBULURE APL 2002/2 - PERCUTEUR + FILTRE;52012;884;PFM MEDICAL
1404;TUBULURE D'EXTENSION 114 CM;21-7046-24;885;SMITHS MEDICAL
1405;TUBULURE DOUBLE VOIE POUR POMPE INFINITY;86517;772;NUTRICIA
1406;TUBULURE DUAL UNIVERSELLE - 666 049;666049;773;COVIDIEN MEDTRONIC
1407;TUBULURE FLOCARE POUR INFINITY;100099;775;NUTRICIA
1408;TUBULURE FULL SET POUR RYTHMIC PLUS CONNECT;KM1.EE.100.X;886;SMD
1409;TUBULURE PAR GRAVITE APPLIX - ENPLUS;7751955;777;FRESENIUS KABI
1410;TUBULURE POCHE 1 L KANGAROO JOEY-777106;777106;778;COVIDIEN MEDTRONIC
1411;TUBULURE POUR POMPE CADD SOLIS;21-7394-24;2460;SMITHS MEDICAL
1412;TUBULURE POUR POMPE JOEY + POCHE HYDRAT - ENPLUS;777505;779;COVIDIEN MEDTRONIC
1413;TUBULURE POUR POMPE KANGAROO JOEY - ENPLUS;777501;781;COVIDIEN MEDTRONIC
1414;TUBULURE SPIKE SET S 200CM JAUNE AVEC PERCUTEUR;KM1.EE.162.XX;2069;SMD
1415;TUBULURE STANDARD A CASSETTE POUR PV3000;21-0346-25;887;SMITHS MEDICAL
1416;TUBULURE Y FULL SET POUR RYTHMIC PLUS CONNECT;KM1.EE.150.x;888;SMD
1417;TUYAU A OXYGENE RENFORCE 1.80 M;1174;633;INTERSURGICAL
1418;TUYAU ANNELE 13.3 CM - 19 MM / 10 MM;4-000614-00;1309;COVIDIEN MEDTRONIC
1419;TUYAU ANNELE 15.1 CM - 19 MM / 19 MM;4-000613-00;434;COVIDIEN MEDTRONIC
1420;TUYAU ANNELE 20 CM;4-000618-00;435;COVIDIEN MEDTRONIC
1421;TUYAU D'ASPIRATION JETABLE POUR ACCUVAC;WM15937;528;LOWENSTEIN MEDICAL
1422;TUYAU D'ASPIRATION PETERSIL 10 X 16 (LE METRE);71P87848;529;PETERS SURGICAL
1423;TUYAU D'ASPIRATION PETERSIL 6 X10 (LE METRE);71P87830;530;PETERS SURGICAL
1424;TUYAU DE CONDENSATION ANNELE;B12349;436;I.M.A.PE
1425;TUYAU VALVE D'EXPIRATION 4 X 6 MM;71T87818;437;PETERS SURGICAL
1426;VALVE D'EXPIRATION BREAS;00485;438;BREAS
1427;VALVE DE PHONATION FOGLESS AVEC FILTRE;710;1310;TELEFLEX
1428;VALVE DE PHONATION PASSY MUIR - PM 2000;PM2000;1311;I.S.T. MEDICAL
1429;VALVE DE PHONATION SHILEY;SSV;1312;COVIDIEN MEDTRONIC
1430;VALVE DE PHONATION SHILEY ET SITE D'OXYGENISATION;SSVO;1313;COVIDIEN MEDTRONIC
1431;VALVE DE PHONATION TRACHEOFLEX;506500;1314;TELEFLEX
1432;VAPORISATEUR CAVILON 28ML;CA3346E;2350;3M FRANCE
